subtype,strain_type,virus,serum_group,median_titer,titer_q1,titer_q3,frac_w_titer_below_140
H1N1,circulating_2025,A/Bangkok/P176/2025_H1N1,All,240.500,141.250,521.100,0.251
H1N1,circulating_2025,A/Bangkok/P176/2025_H1N1,EPIHK,242.950,161.700,456.975,0.190
H1N1,circulating_2025,A/Bangkok/P176/2025_H1N1,NIID,171.400,117.475,273.725,0.438
H1N1,circulating_2025,A/Bangkok/P176/2025_H1N1,SCH,284.500,109.800,1228.000,0.286
H1N1,circulating_2025,A/Bangkok/P176/2025_H1N1,UWMC,351.950,230.700,746.000,0.028
H1N1,circulating_2025,A/Busan/277/2025_H1N1,All,259.400,132.600,638.150,0.286
H1N1,circulating_2025,A/Busan/277/2025_H1N1,EPIHK,258.000,133.850,512.750,0.310
H1N1,circulating_2025,A/Busan/277/2025_H1N1,NIID,163.450,102.450,242.225,0.417
H1N1,circulating_2025,A/Busan/277/2025_H1N1,SCH,394.300,118.600,1206.000,0.265
H1N1,circulating_2025,A/Busan/277/2025_H1N1,UWMC,321.700,192.800,1340.750,0.111
H1N1,circulating_2025,A/Colorado/218/2024_H1N1,All,225.300,103.800,753.275,0.351
H1N1,circulating_2025,A/Colorado/218/2024_H1N1,EPIHK,221.800,110.025,528.850,0.333
H1N1,circulating_2025,A/Colorado/218/2024_H1N1,NIID,136.900,78.765,231.100,0.511
H1N1,circulating_2025,A/Colorado/218/2024_H1N1,SCH,311.000,90.450,1302.000,0.367
H1N1,circulating_2025,A/Colorado/218/2024_H1N1,UWMC,439.800,181.500,1110.750,0.139
H1N1,circulating_2025,A/Hawaii/ISC-1140/2025_H1N1,All,297.800,156.350,810.400,0.194
H1N1,circulating_2025,A/Hawaii/ISC-1140/2025_H1N1,EPIHK,288.350,148.225,699.325,0.238
H1N1,circulating_2025,A/Hawaii/ISC-1140/2025_H1N1,NIID,182.250,141.500,275.200,0.250
H1N1,circulating_2025,A/Hawaii/ISC-1140/2025_H1N1,SCH,391.900,153.000,1374.000,0.245
H1N1,circulating_2025,A/Hawaii/ISC-1140/2025_H1N1,UWMC,510.600,291.650,1638.500,0.000
H1N1,circulating_2025,A/Illinois/65/2024_H1N1,All,306.000,162.200,912.500,0.200
H1N1,circulating_2025,A/Illinois/65/2024_H1N1,EPIHK,265.550,144.575,729.575,0.214
H1N1,circulating_2025,A/Illinois/65/2024_H1N1,NIID,212.600,129.000,316.025,0.292
H1N1,circulating_2025,A/Illinois/65/2024_H1N1,SCH,529.800,168.300,1388.000,0.245
H1N1,circulating_2025,A/Illinois/65/2024_H1N1,UWMC,454.450,270.300,1805.750,0.000
H1N1,circulating_2025,A/Iowa/123/2024_H1N1,All,290.900,130.450,900.450,0.274
H1N1,circulating_2025,A/Iowa/123/2024_H1N1,EPIHK,298.900,125.325,741.775,0.310
H1N1,circulating_2025,A/Iowa/123/2024_H1N1,NIID,171.100,106.975,306.625,0.417
H1N1,circulating_2025,A/Iowa/123/2024_H1N1,SCH,498.300,137.900,1190.000,0.265
H1N1,circulating_2025,A/Iowa/123/2024_H1N1,UWMC,490.800,226.050,2088.000,0.056
H1N1,circulating_2025,A/KANAGAWA/AC2408/2025_H1N1,All,189.900,110.350,433.400,0.360
H1N1,circulating_2025,A/KANAGAWA/AC2408/2025_H1N1,EPIHK,201.150,106.500,329.050,0.381
H1N1,circulating_2025,A/KANAGAWA/AC2408/2025_H1N1,NIID,137.450,92.203,202.325,0.562
H1N1,circulating_2025,A/KANAGAWA/AC2408/2025_H1N1,SCH,299.100,104.000,684.400,0.306
H1N1,circulating_2025,A/KANAGAWA/AC2408/2025_H1N1,UWMC,247.900,148.900,729.500,0.139
H1N1,circulating_2025,A/Lisboa/188/2023_H1N1,All,319.100,172.700,869.050,0.177
H1N1,circulating_2025,A/Lisboa/188/2023_H1N1,EPIHK,291.800,156.725,661.825,0.190
H1N1,circulating_2025,A/Lisboa/188/2023_H1N1,NIID,190.100,141.450,290.525,0.250
H1N1,circulating_2025,A/Lisboa/188/2023_H1N1,SCH,539.800,179.700,1268.000,0.224
H1N1,circulating_2025,A/Lisboa/188/2023_H1N1,UWMC,474.000,309.300,1785.750,0.000
H1N1,circulating_2025,A/Madagascar/00003/2025_H1N1,All,403.300,182.600,1085.000,0.166
H1N1,circulating_2025,A/Madagascar/00003/2025_H1N1,EPIHK,334.850,137.825,787.950,0.262
H1N1,circulating_2025,A/Madagascar/00003/2025_H1N1,NIID,247.950,160.125,374.600,0.146
H1N1,circulating_2025,A/Madagascar/00003/2025_H1N1,SCH,624.300,193.400,1738.000,0.204
H1N1,circulating_2025,A/Madagascar/00003/2025_H1N1,UWMC,662.400,348.750,2684.250,0.028
H1N1,circulating_2025,A/Maldives/2132/2024_H1N1,All,289.000,153.050,852.900,0.206
H1N1,circulating_2025,A/Maldives/2132/2024_H1N1,EPIHK,268.600,148.175,956.425,0.238
H1N1,circulating_2025,A/Maldives/2132/2024_H1N1,NIID,181.700,129.650,276.100,0.271
H1N1,circulating_2025,A/Maldives/2132/2024_H1N1,SCH,429.700,157.400,1053.000,0.245
H1N1,circulating_2025,A/Maldives/2132/2024_H1N1,UWMC,568.650,288.050,1891.000,0.028
H1N1,circulating_2025,A/Maryland/64/2024_H1N1,All,269.200,133.200,784.550,0.280
H1N1,circulating_2025,A/Maryland/64/2024_H1N1,EPIHK,233.000,121.350,651.425,0.286
H1N1,circulating_2025,A/Maryland/64/2024_H1N1,NIID,171.350,103.400,295.025,0.458
H1N1,circulating_2025,A/Maryland/64/2024_H1N1,SCH,490.000,137.400,1222.000,0.265
H1N1,circulating_2025,A/Maryland/64/2024_H1N1,UWMC,504.550,240.400,1707.750,0.056
H1N1,circulating_2025,A/Massachusetts/ISC-1679/2025_H1N1,All,294.500,156.100,683.200,0.217
H1N1,circulating_2025,A/Massachusetts/ISC-1679/2025_H1N1,EPIHK,266.400,150.875,666.275,0.214
H1N1,circulating_2025,A/Massachusetts/ISC-1679/2025_H1N1,NIID,184.200,131.800,267.900,0.312
H1N1,circulating_2025,A/Massachusetts/ISC-1679/2025_H1N1,SCH,405.000,139.300,1407.000,0.265
H1N1,circulating_2025,A/Massachusetts/ISC-1679/2025_H1N1,UWMC,485.100,323.075,1335.750,0.028
H1N1,circulating_2025,A/Minnesota/131/2024_H1N1,All,234.500,124.850,893.700,0.297
H1N1,circulating_2025,A/Minnesota/131/2024_H1N1,EPIHK,219.350,114.850,740.225,0.333
H1N1,circulating_2025,A/Minnesota/131/2024_H1N1,NIID,144.300,95.820,235.525,0.479
H1N1,circulating_2025,A/Minnesota/131/2024_H1N1,SCH,395.200,144.500,1115.000,0.245
H1N1,circulating_2025,A/Minnesota/131/2024_H1N1,UWMC,399.350,207.225,1335.000,0.083
H1N1,circulating_2025,A/NovaScotia/ET1801CP00018S/2025_H1N1,All,299.400,146.000,907.600,0.229
H1N1,circulating_2025,A/NovaScotia/ET1801CP00018S/2025_H1N1,EPIHK,305.050,110.850,745.300,0.333
H1N1,circulating_2025,A/NovaScotia/ET1801CP00018S/2025_H1N1,NIID,212.300,143.075,334.050,0.229
H1N1,circulating_2025,A/NovaScotia/ET1801CP00018S/2025_H1N1,SCH,425.400,142.900,1192.000,0.245
H1N1,circulating_2025,A/NovaScotia/ET1801CP00018S/2025_H1N1,UWMC,480.350,213.175,1381.750,0.083
H1N1,circulating_2025,A/Ohio/259/2024_H1N1,All,246.400,130.300,782.250,0.269
H1N1,circulating_2025,A/Ohio/259/2024_H1N1,EPIHK,225.100,98.597,707.525,0.357
H1N1,circulating_2025,A/Ohio/259/2024_H1N1,NIID,164.800,115.175,244.825,0.354
H1N1,circulating_2025,A/Ohio/259/2024_H1N1,SCH,500.600,139.800,1170.000,0.265
H1N1,circulating_2025,A/Ohio/259/2024_H1N1,UWMC,395.100,240.275,2127.000,0.056
H1N1,circulating_2025,A/Oregon/11/2025_H1N1,All,250.400,126.450,773.350,0.274
H1N1,circulating_2025,A/Oregon/11/2025_H1N1,EPIHK,234.200,116.375,632.450,0.333
H1N1,circulating_2025,A/Oregon/11/2025_H1N1,NIID,168.850,114.375,270.850,0.375
H1N1,circulating_2025,A/Oregon/11/2025_H1N1,SCH,421.400,152.500,1343.000,0.245
H1N1,circulating_2025,A/Oregon/11/2025_H1N1,UWMC,382.500,224.875,1753.500,0.111
H1N1,circulating_2025,A/Oregon/261/2024_H1N1,All,250.500,123.200,809.500,0.291
H1N1,circulating_2025,A/Oregon/261/2024_H1N1,EPIHK,271.400,109.800,608.100,0.333
H1N1,circulating_2025,A/Oregon/261/2024_H1N1,NIID,178.150,113.650,287.350,0.417
H1N1,circulating_2025,A/Oregon/261/2024_H1N1,SCH,415.800,117.200,1238.000,0.286
H1N1,circulating_2025,A/Oregon/261/2024_H1N1,UWMC,301.350,209.800,1491.500,0.083
H1N1,circulating_2025,A/Pakistan/306/2024_H1N1,All,248.600,123.200,736.900,0.297
H1N1,circulating_2025,A/Pakistan/306/2024_H1N1,EPIHK,201.950,116.725,566.900,0.333
H1N1,circulating_2025,A/Pakistan/306/2024_H1N1,NIID,162.250,102.125,250.425,0.458
H1N1,circulating_2025,A/Pakistan/306/2024_H1N1,SCH,409.700,144.900,1112.000,0.245
H1N1,circulating_2025,A/Pakistan/306/2024_H1N1,UWMC,385.500,217.875,1540.500,0.111
H1N1,circulating_2025,A/Qatar/83328/2024_H1N1,All,266.900,133.950,810.100,0.263
H1N1,circulating_2025,A/Qatar/83328/2024_H1N1,EPIHK,279.050,120.275,772.775,0.286
H1N1,circulating_2025,A/Qatar/83328/2024_H1N1,NIID,189.100,104.125,276.700,0.396
H1N1,circulating_2025,A/Qatar/83328/2024_H1N1,SCH,470.900,159.000,1207.000,0.224
H1N1,circulating_2025,A/Qatar/83328/2024_H1N1,UWMC,397.100,198.925,1705.250,0.111
H1N1,circulating_2025,A/Qinghai-Chengzhong/SWL1410/2024_H1N1,All,248.100,122.450,779.350,0.286
H1N1,circulating_2025,A/Qinghai-Chengzhong/SWL1410/2024_H1N1,EPIHK,239.100,103.175,803.400,0.357
H1N1,circulating_2025,A/Qinghai-Chengzhong/SWL1410/2024_H1N1,NIID,164.550,109.175,249.100,0.396
H1N1,circulating_2025,A/Qinghai-Chengzhong/SWL1410/2024_H1N1,SCH,565.200,171.000,1181.000,0.224
H1N1,circulating_2025,A/Qinghai-Chengzhong/SWL1410/2024_H1N1,UWMC,372.900,190.775,1703.750,0.139
H1N1,circulating_2025,A/Saint-Petersburg/RII-04/2025_H1N1,All,300.500,152.000,850.300,0.211
H1N1,circulating_2025,A/Saint-Petersburg/RII-04/2025_H1N1,EPIHK,246.900,139.000,740.575,0.262
H1N1,circulating_2025,A/Saint-Petersburg/RII-04/2025_H1N1,NIID,209.050,140.950,304.575,0.250
H1N1,circulating_2025,A/Saint-Petersburg/RII-04/2025_H1N1,SCH,455.200,114.300,1249.000,0.265
H1N1,circulating_2025,A/Saint-Petersburg/RII-04/2025_H1N1,UWMC,455.650,257.725,1505.500,0.028
H1N1,circulating_2025,A/Santiago/101713/2024_H1N1,All,303.700,140.100,760.800,0.251
H1N1,circulating_2025,A/Santiago/101713/2024_H1N1,EPIHK,282.800,137.575,891.950,0.286
H1N1,circulating_2025,A/Santiago/101713/2024_H1N1,NIID,167.750,105.450,313.325,0.354
H1N1,circulating_2025,A/Santiago/101713/2024_H1N1,SCH,377.300,131.100,1200.000,0.265
H1N1,circulating_2025,A/Santiago/101713/2024_H1N1,UWMC,490.850,238.450,1213.750,0.056
H1N1,circulating_2025,A/Shanghai-Huangpu/SWL12109/2024_H1N1,All,343.700,167.050,969.050,0.200
H1N1,circulating_2025,A/Shanghai-Huangpu/SWL12109/2024_H1N1,EPIHK,350.400,140.275,957.425,0.262
H1N1,circulating_2025,A/Shanghai-Huangpu/SWL12109/2024_H1N1,NIID,207.200,154.550,375.275,0.208
H1N1,circulating_2025,A/Shanghai-Huangpu/SWL12109/2024_H1N1,SCH,495.700,164.500,1290.000,0.224
H1N1,circulating_2025,A/Shanghai-Huangpu/SWL12109/2024_H1N1,UWMC,401.300,220.525,1540.000,0.083
H1N1,circulating_2025,A/Singapore/MOH0547/2024_H1N1,All,240.300,119.850,568.200,0.297
H1N1,circulating_2025,A/Singapore/MOH0547/2024_H1N1,EPIHK,243.100,128.500,575.050,0.286
H1N1,circulating_2025,A/Singapore/MOH0547/2024_H1N1,NIID,152.900,98.647,268.975,0.438
H1N1,circulating_2025,A/Singapore/MOH0547/2024_H1N1,SCH,483.400,99.530,1122.000,0.347
H1N1,circulating_2025,A/Singapore/MOH0547/2024_H1N1,UWMC,398.450,192.025,1231.000,0.056
H1N1,circulating_2025,A/TOKYO/EIS11-277/2024_H1N1,All,249.700,124.750,771.450,0.269
H1N1,circulating_2025,A/TOKYO/EIS11-277/2024_H1N1,EPIHK,224.750,113.575,646.500,0.333
H1N1,circulating_2025,A/TOKYO/EIS11-277/2024_H1N1,NIID,190.150,110.025,297.275,0.333
H1N1,circulating_2025,A/TOKYO/EIS11-277/2024_H1N1,SCH,412.900,136.000,1226.000,0.265
H1N1,circulating_2025,A/TOKYO/EIS11-277/2024_H1N1,UWMC,431.000,220.775,1097.500,0.111
H1N1,circulating_2025,A/Tambov/160-1V/2024_H1N1,All,341.800,154.200,958.750,0.206
H1N1,circulating_2025,A/Tambov/160-1V/2024_H1N1,EPIHK,254.550,129.400,766.550,0.286
H1N1,circulating_2025,A/Tambov/160-1V/2024_H1N1,NIID,188.500,140.550,342.625,0.250
H1N1,circulating_2025,A/Tambov/160-1V/2024_H1N1,SCH,492.700,225.400,1427.000,0.224
H1N1,circulating_2025,A/Tambov/160-1V/2024_H1N1,UWMC,447.300,253.500,1886.000,0.028
H1N1,circulating_2025,A/Tennessee/04/2025_H1N1,All,255.100,139.850,782.750,0.251
H1N1,circulating_2025,A/Tennessee/04/2025_H1N1,EPIHK,283.050,134.750,666.750,0.262
H1N1,circulating_2025,A/Tennessee/04/2025_H1N1,NIID,165.200,106.850,285.375,0.354
H1N1,circulating_2025,A/Tennessee/04/2025_H1N1,SCH,469.300,131.300,1210.000,0.265
H1N1,circulating_2025,A/Tennessee/04/2025_H1N1,UWMC,312.500,199.875,1739.000,0.083
H1N1,circulating_2025,A/Ufa/CRIE/47/2024_H1N1,All,283.900,144.250,869.200,0.240
H1N1,circulating_2025,A/Ufa/CRIE/47/2024_H1N1,EPIHK,277.250,142.875,838.750,0.238
H1N1,circulating_2025,A/Ufa/CRIE/47/2024_H1N1,NIID,191.200,115.225,321.300,0.354
H1N1,circulating_2025,A/Ufa/CRIE/47/2024_H1N1,SCH,454.700,146.100,1205.000,0.245
H1N1,circulating_2025,A/Ufa/CRIE/47/2024_H1N1,UWMC,383.800,232.675,1581.250,0.083
H1N1,circulating_2025,A/Uganda/UVRI_KIS6850_2024_H1N1,All,274.000,141.650,741.400,0.251
H1N1,circulating_2025,A/Uganda/UVRI_KIS6850_2024_H1N1,EPIHK,254.550,121.075,709.175,0.286
H1N1,circulating_2025,A/Uganda/UVRI_KIS6850_2024_H1N1,NIID,190.850,116.800,297.675,0.375
H1N1,circulating_2025,A/Uganda/UVRI_KIS6850_2024_H1N1,SCH,444.400,167.500,1200.000,0.245
H1N1,circulating_2025,A/Uganda/UVRI_KIS6850_2024_H1N1,UWMC,411.350,247.775,1983.000,0.056
H1N1,circulating_2025,A/Ulsan/492/2025_H1N1,All,211.200,108.225,488.375,0.374
H1N1,circulating_2025,A/Ulsan/492/2025_H1N1,EPIHK,204.600,112.100,374.900,0.366
H1N1,circulating_2025,A/Ulsan/492/2025_H1N1,NIID,123.500,87.653,244.950,0.562
H1N1,circulating_2025,A/Ulsan/492/2025_H1N1,SCH,341.500,104.500,666.900,0.327
H1N1,circulating_2025,A/Ulsan/492/2025_H1N1,UWMC,249.200,179.650,772.850,0.194
H1N1,circulating_2025,A/Utah/39/2025_H1N1,All,294.100,137.200,772.700,0.257
H1N1,circulating_2025,A/Utah/39/2025_H1N1,EPIHK,291.450,122.125,747.300,0.286
H1N1,circulating_2025,A/Utah/39/2025_H1N1,NIID,164.900,121.100,255.175,0.396
H1N1,circulating_2025,A/Utah/39/2025_H1N1,SCH,400.200,122.400,1303.000,0.286
H1N1,circulating_2025,A/Utah/39/2025_H1N1,UWMC,494.350,273.325,1229.250,0.000
H1N1,circulating_2025,A/Vermont/05/2025_H1N1,All,305.200,140.200,761.800,0.251
H1N1,circulating_2025,A/Vermont/05/2025_H1N1,EPIHK,335.000,154.075,766.450,0.214
H1N1,circulating_2025,A/Vermont/05/2025_H1N1,NIID,178.850,113.025,253.625,0.396
H1N1,circulating_2025,A/Vermont/05/2025_H1N1,SCH,423.400,119.600,1205.000,0.286
H1N1,circulating_2025,A/Vermont/05/2025_H1N1,UWMC,585.300,313.750,1640.750,0.056
H1N1,circulating_2025,A/Vermont/10/2025_H1N1,All,324.700,175.300,896.650,0.200
H1N1,circulating_2025,A/Vermont/10/2025_H1N1,EPIHK,258.700,164.700,814.600,0.238
H1N1,circulating_2025,A/Vermont/10/2025_H1N1,NIID,217.950,135.425,340.500,0.292
H1N1,circulating_2025,A/Vermont/10/2025_H1N1,SCH,440.400,153.400,1325.000,0.224
H1N1,circulating_2025,A/Vermont/10/2025_H1N1,UWMC,661.400,324.325,1553.000,0.000
H1N1,circulating_2025,A/Victoria/3599/2024_H1N1,All,296.100,158.050,712.700,0.229
H1N1,circulating_2025,A/Victoria/3599/2024_H1N1,EPIHK,285.100,138.100,713.975,0.262
H1N1,circulating_2025,A/Victoria/3599/2024_H1N1,NIID,186.700,125.725,354.250,0.312
H1N1,circulating_2025,A/Victoria/3599/2024_H1N1,SCH,522.200,149.700,1233.000,0.245
H1N1,circulating_2025,A/Victoria/3599/2024_H1N1,UWMC,405.050,222.450,1901.000,0.056
H1N1,circulating_2025,A/Vladimir/RII-MH223382S/2024_H1N1,All,269.400,123.450,834.000,0.274
H1N1,circulating_2025,A/Vladimir/RII-MH223382S/2024_H1N1,EPIHK,240.100,137.925,723.725,0.262
H1N1,circulating_2025,A/Vladimir/RII-MH223382S/2024_H1N1,NIID,144.200,98.995,262.025,0.458
H1N1,circulating_2025,A/Vladimir/RII-MH223382S/2024_H1N1,SCH,427.900,154.100,1278.000,0.245
H1N1,circulating_2025,A/Vladimir/RII-MH223382S/2024_H1N1,UWMC,399.400,284.575,1570.750,0.083
H1N1,circulating_2025,A/Wisconsin/30/2025_H1N1,All,278.600,137.750,777.850,0.269
H1N1,circulating_2025,A/Wisconsin/30/2025_H1N1,EPIHK,279.200,138.650,700.750,0.262
H1N1,circulating_2025,A/Wisconsin/30/2025_H1N1,NIID,162.800,107.125,268.550,0.417
H1N1,circulating_2025,A/Wisconsin/30/2025_H1N1,SCH,451.100,192.900,1144.000,0.245
H1N1,circulating_2025,A/Wisconsin/30/2025_H1N1,UWMC,377.000,245.950,1580.750,0.111
H1N1,circulating_2025,A/Wisconsin/NIRC-IS-1111/2025_H1N1,All,286.900,136.450,858.250,0.263
H1N1,circulating_2025,A/Wisconsin/NIRC-IS-1111/2025_H1N1,EPIHK,298.700,137.700,951.050,0.262
H1N1,circulating_2025,A/Wisconsin/NIRC-IS-1111/2025_H1N1,NIID,168.950,106.875,285.400,0.375
H1N1,circulating_2025,A/Wisconsin/NIRC-IS-1111/2025_H1N1,SCH,527.800,137.100,1212.000,0.265
H1N1,circulating_2025,A/Wisconsin/NIRC-IS-1111/2025_H1N1,UWMC,453.250,244.325,1604.500,0.111
H1N1,circulating_2025,A/Zacapa/FLU-012/2025_H1N1,All,227.750,85.347,762.800,0.368
H1N1,circulating_2025,A/Zacapa/FLU-012/2025_H1N1,EPIHK,198.300,72.920,826.900,0.415
H1N1,circulating_2025,A/Zacapa/FLU-012/2025_H1N1,NIID,118.450,66.302,238.300,0.521
H1N1,circulating_2025,A/Zacapa/FLU-012/2025_H1N1,SCH,414.400,136.700,1253.000,0.265
H1N1,circulating_2025,A/Zacapa/FLU-012/2025_H1N1,UWMC,323.950,148.625,1336.750,0.250
H1N1,recent_vaccine,A/Victoria/4897/2022_IVR-238_H1N1,All,1488.000,507.800,5404.500,0.126
H1N1,recent_vaccine,A/Victoria/4897/2022_IVR-238_H1N1,EPIHK,1074.500,194.025,5365.000,0.214
H1N1,recent_vaccine,A/Victoria/4897/2022_IVR-238_H1N1,NIID,1136.000,628.175,2216.000,0.104
H1N1,recent_vaccine,A/Victoria/4897/2022_IVR-238_H1N1,SCH,2607.000,942.800,6696.000,0.122
H1N1,recent_vaccine,A/Victoria/4897/2022_IVR-238_H1N1,UWMC,1766.000,499.825,6045.500,0.056
H1N1,recent_vaccine,A/Wisconsin/67/2022_H1N1,All,220.900,82.190,704.950,0.383
H1N1,recent_vaccine,A/Wisconsin/67/2022_H1N1,EPIHK,220.800,98.460,805.725,0.310
H1N1,recent_vaccine,A/Wisconsin/67/2022_H1N1,NIID,111.750,53.115,237.550,0.562
H1N1,recent_vaccine,A/Wisconsin/67/2022_H1N1,SCH,324.700,71.130,1319.000,0.286
H1N1,recent_vaccine,A/Wisconsin/67/2022_H1N1,UWMC,252.850,102.245,967.900,0.361
H1N1,vaccine,A/Brisbane/02/2018_H1N1,All,835.100,312.050,2451.000,0.131
H1N1,vaccine,A/Brisbane/02/2018_H1N1,EPIHK,780.450,155.775,5268.250,0.214
H1N1,vaccine,A/Brisbane/02/2018_H1N1,NIID,716.500,393.925,1317.250,0.083
H1N1,vaccine,A/Brisbane/02/2018_H1N1,SCH,782.500,343.500,1957.000,0.184
H1N1,vaccine,A/Brisbane/02/2018_H1N1,UWMC,1130.000,447.950,2763.250,0.028
H1N1,vaccine,A/Hawaii/70/2019_H1N1,All,575.950,255.100,1744.250,0.110
H1N1,vaccine,A/Hawaii/70/2019_H1N1,EPIHK,561.600,170.275,2307.500,0.214
H1N1,vaccine,A/Hawaii/70/2019_H1N1,NIID,510.900,225.750,1239.000,0.043
H1N1,vaccine,A/Hawaii/70/2019_H1N1,SCH,812.400,361.400,1696.000,0.163
H1N1,vaccine,A/Hawaii/70/2019_H1N1,UWMC,681.900,322.850,2717.750,0.000
H1N1,vaccine,A/Michigan/45/2015_H1N1,All,1230.000,431.450,3251.000,0.097
H1N1,vaccine,A/Michigan/45/2015_H1N1,EPIHK,1164.000,198.225,5551.750,0.143
H1N1,vaccine,A/Michigan/45/2015_H1N1,NIID,1240.000,595.950,2694.250,0.042
H1N1,vaccine,A/Michigan/45/2015_H1N1,SCH,1120.000,531.500,2878.000,0.143
H1N1,vaccine,A/Michigan/45/2015_H1N1,UWMC,1523.500,640.475,3627.750,0.056
H1N1,vaccine,A/Wisconsin/588/2019_H1N1,All,532.150,208.200,1320.500,0.172
H1N1,vaccine,A/Wisconsin/588/2019_H1N1,EPIHK,438.800,142.550,1795.500,0.238
H1N1,vaccine,A/Wisconsin/588/2019_H1N1,NIID,383.400,225.675,711.275,0.167
H1N1,vaccine,A/Wisconsin/588/2019_H1N1,SCH,713.200,267.650,1343.750,0.167
H1N1,vaccine,A/Wisconsin/588/2019_H1N1,UWMC,618.800,296.300,2379.250,0.111
H3N2,circulating_2025,A/Amapa/021563-IEC/2024_H3N2,All,283.200,150.800,708.050,0.217
H3N2,circulating_2025,A/Amapa/021563-IEC/2024_H3N2,EPIHK,281.400,128.350,577.425,0.286
H3N2,circulating_2025,A/Amapa/021563-IEC/2024_H3N2,NIID,222.050,151.775,382.900,0.167
H3N2,circulating_2025,A/Amapa/021563-IEC/2024_H3N2,SCH,375.900,127.300,2268.000,0.286
H3N2,circulating_2025,A/Amapa/021563-IEC/2024_H3N2,UWMC,310.050,207.175,835.250,0.111
H3N2,circulating_2025,A/Badajoz/18680568/2025_H3N2,All,266.100,128.850,697.375,0.285
H3N2,circulating_2025,A/Badajoz/18680568/2025_H3N2,EPIHK,202.900,126.500,555.900,0.341
H3N2,circulating_2025,A/Badajoz/18680568/2025_H3N2,NIID,200.900,107.525,302.975,0.413
H3N2,circulating_2025,A/Badajoz/18680568/2025_H3N2,SCH,504.500,117.900,1878.000,0.286
H3N2,circulating_2025,A/Badajoz/18680568/2025_H3N2,UWMC,369.950,238.125,683.400,0.056
H3N2,circulating_2025,A/BurkinaFaso/3131/2023_H3N2,All,216.300,107.825,466.100,0.356
H3N2,circulating_2025,A/BurkinaFaso/3131/2023_H3N2,EPIHK,172.650,108.450,392.100,0.429
H3N2,circulating_2025,A/BurkinaFaso/3131/2023_H3N2,NIID,135.350,88.058,225.050,0.542
H3N2,circulating_2025,A/BurkinaFaso/3131/2023_H3N2,SCH,343.900,93.480,1291.000,0.367
H3N2,circulating_2025,A/BurkinaFaso/3131/2023_H3N2,UWMC,376.500,249.550,507.100,0.000
H3N2,circulating_2025,A/Busan/461/2025_H3N2,All,292.500,155.000,563.700,0.229
H3N2,circulating_2025,A/Busan/461/2025_H3N2,EPIHK,274.700,156.725,528.300,0.214
H3N2,circulating_2025,A/Busan/461/2025_H3N2,NIID,219.300,138.725,315.375,0.250
H3N2,circulating_2025,A/Busan/461/2025_H3N2,SCH,363.700,96.880,1187.000,0.367
H3N2,circulating_2025,A/Busan/461/2025_H3N2,UWMC,392.900,324.225,665.650,0.028
H3N2,circulating_2025,A/Canberra/613/2024_H3N2,All,344.400,186.900,709.600,0.189
H3N2,circulating_2025,A/Canberra/613/2024_H3N2,EPIHK,265.500,158.350,478.825,0.238
H3N2,circulating_2025,A/Canberra/613/2024_H3N2,NIID,242.400,161.575,422.200,0.188
H3N2,circulating_2025,A/Canberra/613/2024_H3N2,SCH,502.300,133.700,2021.000,0.265
H3N2,circulating_2025,A/Canberra/613/2024_H3N2,UWMC,543.800,337.400,1057.000,0.028
H3N2,circulating_2025,A/Colombia/1851/2024_H3N2,All,204.000,110.900,479.300,0.347
H3N2,circulating_2025,A/Colombia/1851/2024_H3N2,EPIHK,193.500,108.200,346.400,0.366
H3N2,circulating_2025,A/Colombia/1851/2024_H3N2,NIID,163.950,110.550,266.150,0.438
H3N2,circulating_2025,A/Colombia/1851/2024_H3N2,SCH,208.700,83.460,741.550,0.417
H3N2,circulating_2025,A/Colombia/1851/2024_H3N2,UWMC,295.200,183.700,515.225,0.111
H3N2,circulating_2025,A/Colombia/7681/2024_H3N2,All,231.200,98.465,621.250,0.351
H3N2,circulating_2025,A/Colombia/7681/2024_H3N2,EPIHK,208.200,94.905,476.075,0.381
H3N2,circulating_2025,A/Colombia/7681/2024_H3N2,NIID,189.950,71.042,286.000,0.417
H3N2,circulating_2025,A/Colombia/7681/2024_H3N2,SCH,487.900,93.493,1936.750,0.333
H3N2,circulating_2025,A/Colombia/7681/2024_H3N2,UWMC,279.600,140.300,574.300,0.250
H3N2,circulating_2025,A/Colorado/ISC-1416/2024_H3N2,All,332.600,174.100,788.000,0.179
H3N2,circulating_2025,A/Colorado/ISC-1416/2024_H3N2,EPIHK,236.150,165.475,556.275,0.167
H3N2,circulating_2025,A/Colorado/ISC-1416/2024_H3N2,NIID,250.600,146.250,368.350,0.208
H3N2,circulating_2025,A/Colorado/ISC-1416/2024_H3N2,SCH,498.400,144.150,1521.000,0.213
H3N2,circulating_2025,A/Colorado/ISC-1416/2024_H3N2,UWMC,600.800,364.525,994.875,0.111
H3N2,circulating_2025,A/CoteD'Ivoire/4448/2024_H3N2,All,276.750,117.225,630.675,0.294
H3N2,circulating_2025,A/CoteD'Ivoire/4448/2024_H3N2,EPIHK,253.100,112.500,623.600,0.297
H3N2,circulating_2025,A/CoteD'Ivoire/4448/2024_H3N2,NIID,192.200,112.000,342.300,0.333
H3N2,circulating_2025,A/CoteD'Ivoire/4448/2024_H3N2,SCH,526.000,105.800,2757.000,0.289
H3N2,circulating_2025,A/CoteD'Ivoire/4448/2024_H3N2,UWMC,282.100,143.600,484.700,0.242
H3N2,circulating_2025,A/DE/DE-DHSS-901/2025_(H3N2)_H3N2,All,237.850,116.400,510.275,0.343
H3N2,circulating_2025,A/DE/DE-DHSS-901/2025_(H3N2)_H3N2,EPIHK,178.600,104.925,412.825,0.429
H3N2,circulating_2025,A/DE/DE-DHSS-901/2025_(H3N2)_H3N2,NIID,170.550,111.175,284.450,0.458
H3N2,circulating_2025,A/DE/DE-DHSS-901/2025_(H3N2)_H3N2,SCH,294.200,94.135,794.475,0.354
H3N2,circulating_2025,A/DE/DE-DHSS-901/2025_(H3N2)_H3N2,UWMC,413.450,228.600,539.100,0.059
H3N2,circulating_2025,A/Ecuador/1385/2024_H3N2,All,216.350,88.282,500.900,0.343
H3N2,circulating_2025,A/Ecuador/1385/2024_H3N2,EPIHK,172.300,70.282,386.850,0.452
H3N2,circulating_2025,A/Ecuador/1385/2024_H3N2,NIID,163.200,70.975,259.250,0.447
H3N2,circulating_2025,A/Ecuador/1385/2024_H3N2,SCH,384.450,85.102,1402.750,0.292
H3N2,circulating_2025,A/Ecuador/1385/2024_H3N2,UWMC,302.300,170.850,570.800,0.143
H3N2,circulating_2025,A/Florida/ISC-1241/2025_H3N2,All,287.450,136.625,621.400,0.253
H3N2,circulating_2025,A/Florida/ISC-1241/2025_H3N2,EPIHK,210.000,120.800,544.350,0.333
H3N2,circulating_2025,A/Florida/ISC-1241/2025_H3N2,NIID,204.900,125.550,357.500,0.271
H3N2,circulating_2025,A/Florida/ISC-1241/2025_H3N2,SCH,378.800,85.850,1704.000,0.306
H3N2,circulating_2025,A/Florida/ISC-1241/2025_H3N2,UWMC,326.700,214.200,593.400,0.057
H3N2,circulating_2025,A/France/ARA-RELAB-HCL025017178801/2025_H3N2,All,386.700,176.775,840.775,0.192
H3N2,circulating_2025,A/France/ARA-RELAB-HCL025017178801/2025_H3N2,EPIHK,273.550,166.400,780.400,0.214
H3N2,circulating_2025,A/France/ARA-RELAB-HCL025017178801/2025_H3N2,NIID,258.300,175.650,521.950,0.146
H3N2,circulating_2025,A/France/ARA-RELAB-HCL025017178801/2025_H3N2,SCH,554.150,126.200,2413.500,0.304
H3N2,circulating_2025,A/France/ARA-RELAB-HCL025017178801/2025_H3N2,UWMC,547.200,380.075,990.975,0.083
H3N2,circulating_2025,A/France/BRE-IPP01880/2025_H3N2,All,241.300,89.960,568.100,0.325
H3N2,circulating_2025,A/France/BRE-IPP01880/2025_H3N2,EPIHK,186.400,80.120,409.400,0.390
H3N2,circulating_2025,A/France/BRE-IPP01880/2025_H3N2,NIID,166.600,68.400,280.200,0.444
H3N2,circulating_2025,A/France/BRE-IPP01880/2025_H3N2,SCH,468.600,127.725,1613.250,0.250
H3N2,circulating_2025,A/France/BRE-IPP01880/2025_H3N2,UWMC,306.900,172.600,1082.000,0.182
H3N2,circulating_2025,A/France/IDF-IPP29542/2023-egg_H3N2,All,272.200,87.730,809.100,0.360
H3N2,circulating_2025,A/France/IDF-IPP29542/2023-egg_H3N2,EPIHK,193.350,83.885,637.725,0.452
H3N2,circulating_2025,A/France/IDF-IPP29542/2023-egg_H3N2,NIID,122.850,52.477,236.150,0.562
H3N2,circulating_2025,A/France/IDF-IPP29542/2023-egg_H3N2,SCH,473.200,99.480,2455.000,0.327
H3N2,circulating_2025,A/France/IDF-IPP29542/2023-egg_H3N2,UWMC,471.100,273.625,1211.500,0.028
H3N2,circulating_2025,A/France/PAC-RELAB-HCL024172122101/2024_H3N2,All,229.000,129.900,558.500,0.295
H3N2,circulating_2025,A/France/PAC-RELAB-HCL024172122101/2024_H3N2,EPIHK,212.000,112.650,501.825,0.310
H3N2,circulating_2025,A/France/PAC-RELAB-HCL024172122101/2024_H3N2,NIID,212.150,126.875,336.475,0.333
H3N2,circulating_2025,A/France/PAC-RELAB-HCL024172122101/2024_H3N2,SCH,466.450,84.090,1359.500,0.333
H3N2,circulating_2025,A/France/PAC-RELAB-HCL024172122101/2024_H3N2,UWMC,220.800,147.800,535.300,0.171
H3N2,circulating_2025,A/Ghana/FS-25-0256/2025_H3N2,All,364.400,183.050,727.700,0.164
H3N2,circulating_2025,A/Ghana/FS-25-0256/2025_H3N2,EPIHK,325.200,152.125,635.925,0.214
H3N2,circulating_2025,A/Ghana/FS-25-0256/2025_H3N2,NIID,266.750,182.625,367.300,0.146
H3N2,circulating_2025,A/Ghana/FS-25-0256/2025_H3N2,SCH,530.200,138.900,1715.500,0.255
H3N2,circulating_2025,A/Ghana/FS-25-0256/2025_H3N2,UWMC,582.150,335.975,819.100,0.000
H3N2,circulating_2025,A/India/Pune-NIV24_3439/2024_H3N2,All,213.800,98.500,511.425,0.362
H3N2,circulating_2025,A/India/Pune-NIV24_3439/2024_H3N2,EPIHK,171.550,97.660,488.575,0.429
H3N2,circulating_2025,A/India/Pune-NIV24_3439/2024_H3N2,NIID,177.900,108.375,303.100,0.396
H3N2,circulating_2025,A/India/Pune-NIV24_3439/2024_H3N2,SCH,315.050,63.935,1640.000,0.333
H3N2,circulating_2025,A/India/Pune-NIV24_3439/2024_H3N2,UWMC,219.850,131.475,480.450,0.278
H3N2,circulating_2025,A/Indiana/46/2024_H3N2,All,121.300,62.153,307.850,0.553
H3N2,circulating_2025,A/Indiana/46/2024_H3N2,EPIHK,106.850,61.965,236.025,0.595
H3N2,circulating_2025,A/Indiana/46/2024_H3N2,NIID,80.045,52.150,137.400,0.750
H3N2,circulating_2025,A/Indiana/46/2024_H3N2,SCH,250.400,65.105,911.550,0.426
H3N2,circulating_2025,A/Indiana/46/2024_H3N2,UWMC,168.400,117.200,317.200,0.394
H3N2,circulating_2025,A/Kentucky/57/2024_H3N2,All,237.200,126.825,480.075,0.328
H3N2,circulating_2025,A/Kentucky/57/2024_H3N2,EPIHK,200.100,103.432,474.675,0.357
H3N2,circulating_2025,A/Kentucky/57/2024_H3N2,NIID,153.000,100.375,340.550,0.479
H3N2,circulating_2025,A/Kentucky/57/2024_H3N2,SCH,311.300,75.263,897.425,0.354
H3N2,circulating_2025,A/Kentucky/57/2024_H3N2,UWMC,326.100,211.425,465.275,0.056
H3N2,circulating_2025,A/Lisboa/216/2023_H3N2,All,379.700,201.150,981.300,0.160
H3N2,circulating_2025,A/Lisboa/216/2023_H3N2,EPIHK,298.350,157.700,630.350,0.214
H3N2,circulating_2025,A/Lisboa/216/2023_H3N2,NIID,263.100,196.000,495.725,0.188
H3N2,circulating_2025,A/Lisboa/216/2023_H3N2,SCH,582.800,188.600,2438.000,0.204
H3N2,circulating_2025,A/Lisboa/216/2023_H3N2,UWMC,531.400,323.550,1140.000,0.000
H3N2,circulating_2025,A/Maldives/2147/2024_H3N2,All,48.980,40.000,190.950,0.729
H3N2,circulating_2025,A/Maldives/2147/2024_H3N2,EPIHK,44.620,40.000,121.600,0.756
H3N2,circulating_2025,A/Maldives/2147/2024_H3N2,NIID,40.910,40.000,75.150,0.896
H3N2,circulating_2025,A/Maldives/2147/2024_H3N2,SCH,130.000,40.000,533.150,0.512
H3N2,circulating_2025,A/Maldives/2147/2024_H3N2,UWMC,43.065,40.000,166.175,0.735
H3N2,circulating_2025,A/Maldives/2186/2024_H3N2,All,265.450,116.075,683.475,0.287
H3N2,circulating_2025,A/Maldives/2186/2024_H3N2,EPIHK,217.200,93.695,593.800,0.333
H3N2,circulating_2025,A/Maldives/2186/2024_H3N2,NIID,181.600,75.180,280.925,0.396
H3N2,circulating_2025,A/Maldives/2186/2024_H3N2,SCH,495.150,120.875,1754.000,0.312
H3N2,circulating_2025,A/Maldives/2186/2024_H3N2,UWMC,376.450,180.350,748.625,0.056
H3N2,circulating_2025,A/Manitoba/RV04865/2024_H3N2,All,485.950,262.050,977.025,0.069
H3N2,circulating_2025,A/Manitoba/RV04865/2024_H3N2,EPIHK,440.600,265.400,700.700,0.119
H3N2,circulating_2025,A/Manitoba/RV04865/2024_H3N2,NIID,373.950,260.350,526.750,0.021
H3N2,circulating_2025,A/Manitoba/RV04865/2024_H3N2,SCH,728.700,244.800,2070.000,0.122
H3N2,circulating_2025,A/Manitoba/RV04865/2024_H3N2,UWMC,640.100,379.650,1156.500,0.000
H3N2,circulating_2025,A/Massachusetts/93/2024_H3N2,All,262.600,119.300,682.100,0.301
H3N2,circulating_2025,A/Massachusetts/93/2024_H3N2,EPIHK,196.700,106.100,520.100,0.366
H3N2,circulating_2025,A/Massachusetts/93/2024_H3N2,NIID,208.400,114.900,377.700,0.340
H3N2,circulating_2025,A/Massachusetts/93/2024_H3N2,SCH,448.300,78.390,1733.000,0.367
H3N2,circulating_2025,A/Massachusetts/93/2024_H3N2,UWMC,345.200,246.925,891.500,0.083
H3N2,circulating_2025,A/Massachusetts/BI_MGH-23147/2025_H3N2,All,323.900,191.350,619.500,0.126
H3N2,circulating_2025,A/Massachusetts/BI_MGH-23147/2025_H3N2,EPIHK,333.350,185.300,649.225,0.167
H3N2,circulating_2025,A/Massachusetts/BI_MGH-23147/2025_H3N2,NIID,225.950,151.075,295.475,0.167
H3N2,circulating_2025,A/Massachusetts/BI_MGH-23147/2025_H3N2,SCH,418.200,193.400,1135.000,0.143
H3N2,circulating_2025,A/Massachusetts/BI_MGH-23147/2025_H3N2,UWMC,406.450,306.925,696.900,0.000
H3N2,circulating_2025,A/Massachusetts/ISC-1684/2025_H3N2,All,187.350,85.218,412.625,0.424
H3N2,circulating_2025,A/Massachusetts/ISC-1684/2025_H3N2,EPIHK,192.350,88.550,444.350,0.452
H3N2,circulating_2025,A/Massachusetts/ISC-1684/2025_H3N2,NIID,120.300,69.175,234.800,0.521
H3N2,circulating_2025,A/Massachusetts/ISC-1684/2025_H3N2,SCH,271.900,91.805,826.050,0.404
H3N2,circulating_2025,A/Massachusetts/ISC-1684/2025_H3N2,UWMC,223.100,134.600,485.900,0.273
H3N2,circulating_2025,A/Mato_Grosso_do_Sul/518/2025_H3N2,All,198.000,94.520,457.400,0.370
H3N2,circulating_2025,A/Mato_Grosso_do_Sul/518/2025_H3N2,EPIHK,175.200,94.700,405.700,0.439
H3N2,circulating_2025,A/Mato_Grosso_do_Sul/518/2025_H3N2,NIID,146.600,83.510,215.750,0.458
H3N2,circulating_2025,A/Mato_Grosso_do_Sul/518/2025_H3N2,SCH,194.300,63.330,1091.500,0.417
H3N2,circulating_2025,A/Mato_Grosso_do_Sul/518/2025_H3N2,UWMC,360.550,215.675,549.425,0.111
H3N2,circulating_2025,A/Michigan/120/2024_H3N2,All,303.850,166.700,549.000,0.218
H3N2,circulating_2025,A/Michigan/120/2024_H3N2,EPIHK,266.550,147.875,452.950,0.262
H3N2,circulating_2025,A/Michigan/120/2024_H3N2,NIID,235.700,160.375,378.225,0.188
H3N2,circulating_2025,A/Michigan/120/2024_H3N2,SCH,407.600,103.400,1763.000,0.327
H3N2,circulating_2025,A/Michigan/120/2024_H3N2,UWMC,395.400,297.350,785.550,0.057
H3N2,circulating_2025,A/Michigan/UM-10062069629/2025_H3N2,All,142.450,82.132,332.825,0.494
H3N2,circulating_2025,A/Michigan/UM-10062069629/2025_H3N2,EPIHK,143.600,85.000,353.075,0.500
H3N2,circulating_2025,A/Michigan/UM-10062069629/2025_H3N2,NIID,105.450,78.108,156.800,0.667
H3N2,circulating_2025,A/Michigan/UM-10062069629/2025_H3N2,SCH,143.700,51.755,532.275,0.500
H3N2,circulating_2025,A/Michigan/UM-10062069629/2025_H3N2,UWMC,248.050,160.375,349.625,0.235
H3N2,circulating_2025,A/Michigan/UM-10062100736/2025_H3N2,All,273.050,140.600,605.050,0.250
H3N2,circulating_2025,A/Michigan/UM-10062100736/2025_H3N2,EPIHK,236.850,123.300,407.450,0.357
H3N2,circulating_2025,A/Michigan/UM-10062100736/2025_H3N2,NIID,177.150,122.475,313.925,0.333
H3N2,circulating_2025,A/Michigan/UM-10062100736/2025_H3N2,SCH,402.250,143.575,1384.250,0.229
H3N2,circulating_2025,A/Michigan/UM-10062100736/2025_H3N2,UWMC,361.550,280.475,698.350,0.029
H3N2,circulating_2025,A/Minnesota/126/2024_H3N2,All,426.300,260.050,736.200,0.080
H3N2,circulating_2025,A/Minnesota/126/2024_H3N2,EPIHK,318.600,243.400,544.100,0.143
H3N2,circulating_2025,A/Minnesota/126/2024_H3N2,NIID,354.850,235.975,497.675,0.000
H3N2,circulating_2025,A/Minnesota/126/2024_H3N2,SCH,583.400,199.900,1505.000,0.163
H3N2,circulating_2025,A/Minnesota/126/2024_H3N2,UWMC,558.650,406.925,1009.550,0.000
H3N2,circulating_2025,A/Minnesota/133/2024_H3N2,All,256.300,127.500,637.500,0.277
H3N2,circulating_2025,A/Minnesota/133/2024_H3N2,EPIHK,223.750,106.075,507.325,0.310
H3N2,circulating_2025,A/Minnesota/133/2024_H3N2,NIID,170.350,102.117,315.700,0.396
H3N2,circulating_2025,A/Minnesota/133/2024_H3N2,SCH,465.400,119.700,1974.500,0.298
H3N2,circulating_2025,A/Minnesota/133/2024_H3N2,UWMC,331.850,215.600,682.450,0.056
H3N2,circulating_2025,A/Minnesota/97/2024_H3N2,All,427.550,243.525,749.750,0.080
H3N2,circulating_2025,A/Minnesota/97/2024_H3N2,EPIHK,413.000,200.200,626.225,0.095
H3N2,circulating_2025,A/Minnesota/97/2024_H3N2,NIID,308.100,233.850,460.475,0.042
H3N2,circulating_2025,A/Minnesota/97/2024_H3N2,SCH,472.600,200.700,1306.000,0.143
H3N2,circulating_2025,A/Minnesota/97/2024_H3N2,UWMC,605.200,424.500,1033.000,0.029
H3N2,circulating_2025,A/Netherlands/01502/2025_H3N2,All,234.000,118.750,549.325,0.310
H3N2,circulating_2025,A/Netherlands/01502/2025_H3N2,EPIHK,220.250,118.800,556.875,0.357
H3N2,circulating_2025,A/Netherlands/01502/2025_H3N2,NIID,202.100,106.975,382.000,0.354
H3N2,circulating_2025,A/Netherlands/01502/2025_H3N2,SCH,377.900,109.100,1184.000,0.347
H3N2,circulating_2025,A/Netherlands/01502/2025_H3N2,UWMC,279.600,180.100,527.550,0.143
H3N2,circulating_2025,A/Netherlands/10563/2023_H3N2,All,331.300,197.750,944.175,0.184
H3N2,circulating_2025,A/Netherlands/10563/2023_H3N2,EPIHK,277.650,140.700,582.850,0.262
H3N2,circulating_2025,A/Netherlands/10563/2023_H3N2,NIID,271.000,177.375,437.700,0.208
H3N2,circulating_2025,A/Netherlands/10563/2023_H3N2,SCH,628.500,196.900,1900.000,0.204
H3N2,circulating_2025,A/Netherlands/10563/2023_H3N2,UWMC,527.400,386.500,1395.500,0.029
H3N2,circulating_2025,A/Nevada/216/2024_H3N2,All,140.500,62.140,341.150,0.497
H3N2,circulating_2025,A/Nevada/216/2024_H3N2,EPIHK,103.300,62.065,373.525,0.548
H3N2,circulating_2025,A/Nevada/216/2024_H3N2,NIID,88.400,53.845,166.050,0.646
H3N2,circulating_2025,A/Nevada/216/2024_H3N2,SCH,257.900,59.145,956.200,0.404
H3N2,circulating_2025,A/Nevada/216/2024_H3N2,UWMC,155.250,115.875,272.625,0.353
H3N2,circulating_2025,A/New_York/191/2024_H3N2,All,327.700,143.600,760.000,0.231
H3N2,circulating_2025,A/New_York/191/2024_H3N2,EPIHK,298.950,149.100,653.525,0.238
H3N2,circulating_2025,A/New_York/191/2024_H3N2,NIID,247.200,134.700,443.850,0.277
H3N2,circulating_2025,A/New_York/191/2024_H3N2,SCH,541.200,110.200,2480.000,0.286
H3N2,circulating_2025,A/New_York/191/2024_H3N2,UWMC,409.300,287.650,921.700,0.086
H3N2,circulating_2025,A/New_York/39/2025_H3N2,All,350.000,207.850,701.400,0.131
H3N2,circulating_2025,A/New_York/39/2025_H3N2,EPIHK,344.650,169.675,618.850,0.119
H3N2,circulating_2025,A/New_York/39/2025_H3N2,NIID,268.650,190.325,387.025,0.188
H3N2,circulating_2025,A/New_York/39/2025_H3N2,SCH,436.800,163.200,1499.000,0.184
H3N2,circulating_2025,A/New_York/39/2025_H3N2,UWMC,523.550,365.075,743.875,0.000
H3N2,circulating_2025,A/New_York/GKISBBBE61555/2025_H3N2,All,347.100,176.975,717.475,0.190
H3N2,circulating_2025,A/New_York/GKISBBBE61555/2025_H3N2,EPIHK,295.300,134.125,533.550,0.262
H3N2,circulating_2025,A/New_York/GKISBBBE61555/2025_H3N2,NIID,294.450,176.725,428.275,0.188
H3N2,circulating_2025,A/New_York/GKISBBBE61555/2025_H3N2,SCH,470.000,133.700,1721.000,0.265
H3N2,circulating_2025,A/New_York/GKISBBBE61555/2025_H3N2,UWMC,571.400,297.250,820.250,0.000
H3N2,circulating_2025,A/Norway/12374/2023_H3N2,All,211.900,85.325,640.700,0.357
H3N2,circulating_2025,A/Norway/12374/2023_H3N2,EPIHK,169.000,79.940,464.600,0.415
H3N2,circulating_2025,A/Norway/12374/2023_H3N2,NIID,158.300,72.765,276.450,0.489
H3N2,circulating_2025,A/Norway/12374/2023_H3N2,SCH,584.500,63.700,1449.000,0.333
H3N2,circulating_2025,A/Norway/12374/2023_H3N2,UWMC,398.900,169.700,741.550,0.143
H3N2,circulating_2025,A/Oregon/265/2024_H3N2,All,179.600,85.530,488.800,0.420
H3N2,circulating_2025,A/Oregon/265/2024_H3N2,EPIHK,158.750,100.215,490.150,0.425
H3N2,circulating_2025,A/Oregon/265/2024_H3N2,NIID,122.250,71.438,232.175,0.562
H3N2,circulating_2025,A/Oregon/265/2024_H3N2,SCH,402.750,76.755,1640.500,0.370
H3N2,circulating_2025,A/Oregon/265/2024_H3N2,UWMC,214.200,110.300,528.950,0.286
H3N2,circulating_2025,A/Pennsylvania/288/2024_H3N2,All,145.950,75.653,322.400,0.489
H3N2,circulating_2025,A/Pennsylvania/288/2024_H3N2,EPIHK,124.450,81.135,249.950,0.571
H3N2,circulating_2025,A/Pennsylvania/288/2024_H3N2,NIID,107.250,71.290,173.225,0.667
H3N2,circulating_2025,A/Pennsylvania/288/2024_H3N2,SCH,250.400,64.180,959.525,0.354
H3N2,circulating_2025,A/Pennsylvania/288/2024_H3N2,UWMC,199.300,129.500,428.900,0.333
H3N2,circulating_2025,A/Punta_Arenas/83659/2024_H3N2,All,312.900,166.600,708.325,0.218
H3N2,circulating_2025,A/Punta_Arenas/83659/2024_H3N2,EPIHK,248.350,115.550,579.775,0.310
H3N2,circulating_2025,A/Punta_Arenas/83659/2024_H3N2,NIID,249.150,163.575,376.550,0.188
H3N2,circulating_2025,A/Punta_Arenas/83659/2024_H3N2,SCH,490.800,99.120,1825.250,0.312
H3N2,circulating_2025,A/Punta_Arenas/83659/2024_H3N2,UWMC,450.200,274.275,980.800,0.028
H3N2,circulating_2025,A/Queensland/IN000692/2024_H3N2,All,619.400,358.050,1106.500,0.040
H3N2,circulating_2025,A/Queensland/IN000692/2024_H3N2,EPIHK,606.200,327.500,1041.025,0.071
H3N2,circulating_2025,A/Queensland/IN000692/2024_H3N2,NIID,474.750,311.275,794.025,0.000
H3N2,circulating_2025,A/Queensland/IN000692/2024_H3N2,SCH,904.600,278.600,2237.000,0.082
H3N2,circulating_2025,A/Queensland/IN000692/2024_H3N2,UWMC,778.700,562.250,1217.000,0.000
H3N2,circulating_2025,A/Queensland/IN000803/2024_H3N2,All,298.500,178.500,613.800,0.154
H3N2,circulating_2025,A/Queensland/IN000803/2024_H3N2,EPIHK,280.500,168.625,531.475,0.167
H3N2,circulating_2025,A/Queensland/IN000803/2024_H3N2,NIID,220.200,157.850,307.700,0.167
H3N2,circulating_2025,A/Queensland/IN000803/2024_H3N2,SCH,467.000,144.400,1196.000,0.245
H3N2,circulating_2025,A/Queensland/IN000803/2024_H3N2,UWMC,403.400,295.400,622.575,0.000
H3N2,circulating_2025,A/Rhode_Island/15446/2025_H3N2,All,356.400,214.775,625.675,0.115
H3N2,circulating_2025,A/Rhode_Island/15446/2025_H3N2,EPIHK,318.600,225.950,453.700,0.119
H3N2,circulating_2025,A/Rhode_Island/15446/2025_H3N2,NIID,253.000,182.375,405.225,0.104
H3N2,circulating_2025,A/Rhode_Island/15446/2025_H3N2,SCH,526.400,170.800,1553.000,0.184
H3N2,circulating_2025,A/Rhode_Island/15446/2025_H3N2,UWMC,506.400,378.800,862.850,0.029
H3N2,circulating_2025,A/Rhode_Island/66/2024_H3N2,All,384.200,196.650,885.150,0.154
H3N2,circulating_2025,A/Rhode_Island/66/2024_H3N2,EPIHK,350.650,201.825,797.250,0.214
H3N2,circulating_2025,A/Rhode_Island/66/2024_H3N2,NIID,276.500,187.125,456.375,0.062
H3N2,circulating_2025,A/Rhode_Island/66/2024_H3N2,SCH,696.700,134.700,2926.000,0.265
H3N2,circulating_2025,A/Rhode_Island/66/2024_H3N2,UWMC,503.800,315.175,808.225,0.056
H3N2,circulating_2025,A/Santa_Catarina/333/2025_H3N2,All,293.000,181.750,532.000,0.184
H3N2,circulating_2025,A/Santa_Catarina/333/2025_H3N2,EPIHK,278.150,181.675,456.800,0.190
H3N2,circulating_2025,A/Santa_Catarina/333/2025_H3N2,NIID,233.300,169.275,321.675,0.208
H3N2,circulating_2025,A/Santa_Catarina/333/2025_H3N2,SCH,429.000,100.800,1115.000,0.286
H3N2,circulating_2025,A/Santa_Catarina/333/2025_H3N2,UWMC,451.100,297.900,692.900,0.000
H3N2,circulating_2025,A/Sao_Paulo/358026766-IAL/2024_H3N2,All,216.600,130.000,518.800,0.289
H3N2,circulating_2025,A/Sao_Paulo/358026766-IAL/2024_H3N2,EPIHK,189.150,116.525,299.700,0.310
H3N2,circulating_2025,A/Sao_Paulo/358026766-IAL/2024_H3N2,NIID,183.500,130.300,264.725,0.333
H3N2,circulating_2025,A/Sao_Paulo/358026766-IAL/2024_H3N2,SCH,425.300,93.205,1091.000,0.362
H3N2,circulating_2025,A/Sao_Paulo/358026766-IAL/2024_H3N2,UWMC,295.350,186.975,543.375,0.111
H3N2,circulating_2025,A/Saskatchewan/RV04835/2024_H3N2,All,317.200,128.650,674.850,0.269
H3N2,circulating_2025,A/Saskatchewan/RV04835/2024_H3N2,EPIHK,213.400,125.225,481.425,0.286
H3N2,circulating_2025,A/Saskatchewan/RV04835/2024_H3N2,NIID,225.250,123.625,440.275,0.354
H3N2,circulating_2025,A/Saskatchewan/RV04835/2024_H3N2,SCH,454.500,100.100,1699.000,0.347
H3N2,circulating_2025,A/Saskatchewan/RV04835/2024_H3N2,UWMC,512.700,347.775,1022.000,0.028
H3N2,circulating_2025,A/Slovenia/49/2024_H3N2,All,354.900,167.500,790.800,0.225
H3N2,circulating_2025,A/Slovenia/49/2024_H3N2,EPIHK,265.100,121.325,629.900,0.333
H3N2,circulating_2025,A/Slovenia/49/2024_H3N2,NIID,277.300,196.100,451.875,0.208
H3N2,circulating_2025,A/Slovenia/49/2024_H3N2,SCH,522.300,105.100,1479.000,0.319
H3N2,circulating_2025,A/Slovenia/49/2024_H3N2,UWMC,598.200,353.250,983.300,0.000
H3N2,circulating_2025,A/Switzerland/47775/2024_H3N2,All,228.400,120.625,465.050,0.322
H3N2,circulating_2025,A/Switzerland/47775/2024_H3N2,EPIHK,194.950,127.375,381.675,0.310
H3N2,circulating_2025,A/Switzerland/47775/2024_H3N2,NIID,169.850,116.850,247.750,0.417
H3N2,circulating_2025,A/Switzerland/47775/2024_H3N2,SCH,305.600,100.600,1110.000,0.408
H3N2,circulating_2025,A/Switzerland/47775/2024_H3N2,UWMC,312.100,189.150,511.850,0.086
H3N2,circulating_2025,A/Switzerland/860423897313/2023_H3N2,All,283.150,155.050,597.825,0.221
H3N2,circulating_2025,A/Switzerland/860423897313/2023_H3N2,EPIHK,252.050,107.600,471.050,0.310
H3N2,circulating_2025,A/Switzerland/860423897313/2023_H3N2,NIID,223.800,145.325,374.625,0.229
H3N2,circulating_2025,A/Switzerland/860423897313/2023_H3N2,SCH,398.150,111.300,1748.000,0.283
H3N2,circulating_2025,A/Switzerland/860423897313/2023_H3N2,UWMC,390.050,265.300,609.250,0.028
H3N2,circulating_2025,A/Sydney/43/2025_H3N2,All,240.400,124.600,538.800,0.314
H3N2,circulating_2025,A/Sydney/43/2025_H3N2,EPIHK,203.200,110.600,509.500,0.390
H3N2,circulating_2025,A/Sydney/43/2025_H3N2,NIID,187.450,121.900,294.850,0.417
H3N2,circulating_2025,A/Sydney/43/2025_H3N2,SCH,489.550,101.800,1455.000,0.304
H3N2,circulating_2025,A/Sydney/43/2025_H3N2,UWMC,280.100,179.725,431.700,0.088
H3N2,circulating_2025,A/Tasmania/788/2024_H3N2,All,169.000,82.615,373.200,0.439
H3N2,circulating_2025,A/Tasmania/788/2024_H3N2,EPIHK,143.350,72.525,339.550,0.476
H3N2,circulating_2025,A/Tasmania/788/2024_H3N2,NIID,102.840,69.198,202.150,0.625
H3N2,circulating_2025,A/Tasmania/788/2024_H3N2,SCH,337.200,82.350,828.000,0.333
H3N2,circulating_2025,A/Tasmania/788/2024_H3N2,UWMC,193.900,133.950,324.850,0.278
H3N2,circulating_2025,A/Tasmania/790/2024_H3N2,All,580.300,378.050,1119.000,0.017
H3N2,circulating_2025,A/Tasmania/790/2024_H3N2,EPIHK,518.300,305.350,925.250,0.048
H3N2,circulating_2025,A/Tasmania/790/2024_H3N2,NIID,483.650,378.500,628.925,0.000
H3N2,circulating_2025,A/Tasmania/790/2024_H3N2,SCH,763.900,331.400,2202.000,0.020
H3N2,circulating_2025,A/Tasmania/790/2024_H3N2,UWMC,858.850,589.875,1492.750,0.000
H3N2,circulating_2025,A/Tasmania/836/2024_H3N2,All,387.250,240.750,864.100,0.132
H3N2,circulating_2025,A/Tasmania/836/2024_H3N2,EPIHK,358.400,244.325,694.900,0.143
H3N2,circulating_2025,A/Tasmania/836/2024_H3N2,NIID,305.050,208.425,455.975,0.104
H3N2,circulating_2025,A/Tasmania/836/2024_H3N2,SCH,564.400,197.050,2035.750,0.229
H3N2,circulating_2025,A/Tasmania/836/2024_H3N2,UWMC,458.400,283.100,909.525,0.028
H3N2,circulating_2025,A/Tennessee/99/2024_H3N2,All,267.250,119.250,603.350,0.305
H3N2,circulating_2025,A/Tennessee/99/2024_H3N2,EPIHK,250.650,110.925,517.575,0.333
H3N2,circulating_2025,A/Tennessee/99/2024_H3N2,NIID,182.100,112.050,384.025,0.438
H3N2,circulating_2025,A/Tennessee/99/2024_H3N2,SCH,458.250,98.335,2102.500,0.312
H3N2,circulating_2025,A/Tennessee/99/2024_H3N2,UWMC,435.450,191.425,930.700,0.083
H3N2,circulating_2025,A/Texas/15550/2024_H3N2,All,374.000,178.425,813.875,0.173
H3N2,circulating_2025,A/Texas/15550/2024_H3N2,EPIHK,284.450,139.375,784.475,0.262
H3N2,circulating_2025,A/Texas/15550/2024_H3N2,NIID,273.100,174.150,424.850,0.217
H3N2,circulating_2025,A/Texas/15550/2024_H3N2,SCH,586.500,212.100,2692.000,0.178
H3N2,circulating_2025,A/Texas/15550/2024_H3N2,UWMC,496.300,209.400,937.350,0.000
H3N2,circulating_2025,A/Texas/ISC-1148/2025_H3N2,All,389.300,178.300,875.650,0.161
H3N2,circulating_2025,A/Texas/ISC-1148/2025_H3N2,EPIHK,406.400,162.100,766.900,0.195
H3N2,circulating_2025,A/Texas/ISC-1148/2025_H3N2,NIID,248.400,175.800,490.975,0.125
H3N2,circulating_2025,A/Texas/ISC-1148/2025_H3N2,SCH,477.100,165.900,2833.000,0.245
H3N2,circulating_2025,A/Texas/ISC-1148/2025_H3N2,UWMC,567.650,247.450,902.175,0.056
H3N2,circulating_2025,A/Texas/ISC-1274/2025_H3N2,All,242.000,135.950,566.200,0.280
H3N2,circulating_2025,A/Texas/ISC-1274/2025_H3N2,EPIHK,247.000,141.500,461.525,0.262
H3N2,circulating_2025,A/Texas/ISC-1274/2025_H3N2,NIID,180.450,105.850,257.225,0.375
H3N2,circulating_2025,A/Texas/ISC-1274/2025_H3N2,SCH,410.000,100.200,1197.000,0.327
H3N2,circulating_2025,A/Texas/ISC-1274/2025_H3N2,UWMC,369.300,234.175,607.550,0.111
H3N2,circulating_2025,A/Texas/ISC-1322/2025_H3N2,All,358.700,220.100,844.100,0.154
H3N2,circulating_2025,A/Texas/ISC-1322/2025_H3N2,EPIHK,332.200,190.075,682.550,0.190
H3N2,circulating_2025,A/Texas/ISC-1322/2025_H3N2,NIID,295.300,197.100,465.425,0.125
H3N2,circulating_2025,A/Texas/ISC-1322/2025_H3N2,SCH,515.400,137.800,2294.000,0.265
H3N2,circulating_2025,A/Texas/ISC-1322/2025_H3N2,UWMC,574.750,320.300,1434.250,0.000
H3N2,circulating_2025,A/Texas/ISC-1342/2025_H3N2,All,350.950,190.700,680.000,0.172
H3N2,circulating_2025,A/Texas/ISC-1342/2025_H3N2,EPIHK,288.950,163.300,634.425,0.238
H3N2,circulating_2025,A/Texas/ISC-1342/2025_H3N2,NIID,272.750,180.250,432.775,0.146
H3N2,circulating_2025,A/Texas/ISC-1342/2025_H3N2,SCH,503.200,123.900,1357.000,0.265
H3N2,circulating_2025,A/Texas/ISC-1342/2025_H3N2,UWMC,520.800,318.750,798.200,0.000
H3N2,circulating_2025,A/Utah/87/2024_H3N2,All,236.000,88.950,634.900,0.387
H3N2,circulating_2025,A/Utah/87/2024_H3N2,EPIHK,161.050,68.103,399.625,0.476
H3N2,circulating_2025,A/Utah/87/2024_H3N2,NIID,144.400,53.422,352.075,0.500
H3N2,circulating_2025,A/Utah/87/2024_H3N2,SCH,355.800,107.308,1502.750,0.333
H3N2,circulating_2025,A/Utah/87/2024_H3N2,UWMC,343.100,162.250,800.000,0.200
H3N2,circulating_2025,A/Utah/94/2024_H3N2,All,179.750,104.000,398.450,0.397
H3N2,circulating_2025,A/Utah/94/2024_H3N2,EPIHK,153.350,107.225,404.225,0.429
H3N2,circulating_2025,A/Utah/94/2024_H3N2,NIID,151.600,100.338,246.425,0.438
H3N2,circulating_2025,A/Utah/94/2024_H3N2,SCH,356.300,98.760,848.600,0.388
H3N2,circulating_2025,A/Utah/94/2024_H3N2,UWMC,210.900,132.550,347.800,0.314
H3N2,circulating_2025,A/Vermont/13/2025_H3N2,All,230.400,110.500,470.500,0.327
H3N2,circulating_2025,A/Vermont/13/2025_H3N2,EPIHK,177.600,100.415,352.675,0.429
H3N2,circulating_2025,A/Vermont/13/2025_H3N2,NIID,178.050,109.925,265.525,0.417
H3N2,circulating_2025,A/Vermont/13/2025_H3N2,SCH,386.300,104.975,1141.525,0.304
H3N2,circulating_2025,A/Vermont/13/2025_H3N2,UWMC,390.000,222.200,507.850,0.114
H3N2,circulating_2025,A/Victoria/3480/2024_H3N2,All,279.400,155.600,508.000,0.217
H3N2,circulating_2025,A/Victoria/3480/2024_H3N2,EPIHK,277.800,133.750,483.750,0.262
H3N2,circulating_2025,A/Victoria/3480/2024_H3N2,NIID,198.650,155.875,322.000,0.208
H3N2,circulating_2025,A/Victoria/3480/2024_H3N2,SCH,361.700,128.200,1056.000,0.306
H3N2,circulating_2025,A/Victoria/3480/2024_H3N2,UWMC,307.050,237.725,536.625,0.056
H3N2,circulating_2025,A/Victoria/3482/2024_H3N2,All,126.900,65.950,289.200,0.538
H3N2,circulating_2025,A/Victoria/3482/2024_H3N2,EPIHK,100.435,68.207,270.025,0.595
H3N2,circulating_2025,A/Victoria/3482/2024_H3N2,NIID,68.190,50.780,127.075,0.792
H3N2,circulating_2025,A/Victoria/3482/2024_H3N2,SCH,207.100,72.965,922.600,0.404
H3N2,circulating_2025,A/Victoria/3482/2024_H3N2,UWMC,198.050,130.000,398.875,0.306
H3N2,circulating_2025,A/Victoria/46/2024_H3N2,All,258.050,126.175,599.450,0.279
H3N2,circulating_2025,A/Victoria/46/2024_H3N2,EPIHK,204.950,114.500,529.700,0.357
H3N2,circulating_2025,A/Victoria/46/2024_H3N2,NIID,213.150,116.075,291.800,0.333
H3N2,circulating_2025,A/Victoria/46/2024_H3N2,SCH,384.700,107.630,1742.000,0.298
H3N2,circulating_2025,A/Victoria/46/2024_H3N2,UWMC,387.300,231.150,947.600,0.086
H3N2,circulating_2025,A/Victoria/96/2025_H3N2,All,390.700,217.100,813.700,0.140
H3N2,circulating_2025,A/Victoria/96/2025_H3N2,EPIHK,367.700,162.900,606.000,0.195
H3N2,circulating_2025,A/Victoria/96/2025_H3N2,NIID,351.600,221.750,524.350,0.128
H3N2,circulating_2025,A/Victoria/96/2025_H3N2,SCH,587.900,211.700,1888.500,0.170
H3N2,circulating_2025,A/Victoria/96/2025_H3N2,UWMC,492.600,276.425,809.375,0.056
H3N2,circulating_2025,A/Washington/15245/2025_H3N2,All,360.200,182.150,943.400,0.211
H3N2,circulating_2025,A/Washington/15245/2025_H3N2,EPIHK,305.200,175.800,823.300,0.238
H3N2,circulating_2025,A/Washington/15245/2025_H3N2,NIID,325.250,135.050,508.000,0.292
H3N2,circulating_2025,A/Washington/15245/2025_H3N2,SCH,548.100,161.000,2404.000,0.224
H3N2,circulating_2025,A/Washington/15245/2025_H3N2,UWMC,428.450,257.050,951.900,0.056
H3N2,circulating_2025,A/Washington/284/2024_H3N2,All,374.600,180.700,710.350,0.160
H3N2,circulating_2025,A/Washington/284/2024_H3N2,EPIHK,402.250,148.425,681.450,0.238
H3N2,circulating_2025,A/Washington/284/2024_H3N2,NIID,297.100,169.050,424.250,0.146
H3N2,circulating_2025,A/Washington/284/2024_H3N2,SCH,404.100,153.300,2822.000,0.184
H3N2,circulating_2025,A/Washington/284/2024_H3N2,UWMC,459.400,299.525,790.850,0.056
H3N2,circulating_2025,A/Washington/UW-25728/2024_H3N2,All,259.300,125.700,625.625,0.294
H3N2,circulating_2025,A/Washington/UW-25728/2024_H3N2,EPIHK,218.450,120.300,387.975,0.357
H3N2,circulating_2025,A/Washington/UW-25728/2024_H3N2,NIID,231.700,126.525,300.500,0.333
H3N2,circulating_2025,A/Washington/UW-25728/2024_H3N2,SCH,500.350,126.900,1665.000,0.283
H3N2,circulating_2025,A/Washington/UW-25728/2024_H3N2,UWMC,297.050,189.925,658.700,0.176
H3N2,circulating_2025,A/Wisconsin/172/2024_H3N2,All,312.900,150.550,635.600,0.234
H3N2,circulating_2025,A/Wisconsin/172/2024_H3N2,EPIHK,239.100,141.900,457.400,0.244
H3N2,circulating_2025,A/Wisconsin/172/2024_H3N2,NIID,217.800,118.200,345.125,0.375
H3N2,circulating_2025,A/Wisconsin/172/2024_H3N2,SCH,445.900,138.850,1429.500,0.250
H3N2,circulating_2025,A/Wisconsin/172/2024_H3N2,UWMC,460.550,309.675,674.950,0.000
H3N2,circulating_2025,A/Wisconsin/NIRC-IS-1028/2024_H3N2,All,391.250,189.775,877.825,0.157
H3N2,circulating_2025,A/Wisconsin/NIRC-IS-1028/2024_H3N2,EPIHK,306.550,155.100,600.125,0.214
H3N2,circulating_2025,A/Wisconsin/NIRC-IS-1028/2024_H3N2,NIID,340.350,178.550,522.025,0.125
H3N2,circulating_2025,A/Wisconsin/NIRC-IS-1028/2024_H3N2,SCH,569.000,149.425,1732.500,0.250
H3N2,circulating_2025,A/Wisconsin/NIRC-IS-1028/2024_H3N2,UWMC,436.050,252.975,999.425,0.000
H3N2,recent_vaccine,A/Croatia/10136RV/2023-egg_H3N2,All,513.250,179.025,1355.000,0.230
H3N2,recent_vaccine,A/Croatia/10136RV/2023-egg_H3N2,EPIHK,580.450,103.403,1503.750,0.310
H3N2,recent_vaccine,A/Croatia/10136RV/2023-egg_H3N2,NIID,362.200,159.650,899.600,0.234
H3N2,recent_vaccine,A/Croatia/10136RV/2023-egg_H3N2,SCH,688.700,90.820,3177.000,0.327
H3N2,recent_vaccine,A/Croatia/10136RV/2023-egg_H3N2,UWMC,645.350,350.200,1392.000,0.000
H3N2,recent_vaccine,A/DistrictOfColumbia/27/2023_H3N2,All,212.900,106.500,429.300,0.360
H3N2,recent_vaccine,A/DistrictOfColumbia/27/2023_H3N2,EPIHK,203.050,105.300,351.075,0.357
H3N2,recent_vaccine,A/DistrictOfColumbia/27/2023_H3N2,NIID,129.400,96.662,245.550,0.562
H3N2,recent_vaccine,A/DistrictOfColumbia/27/2023_H3N2,SCH,402.300,96.280,942.300,0.340
H3N2,recent_vaccine,A/DistrictOfColumbia/27/2023_H3N2,UWMC,306.500,163.200,433.150,0.114
H3N2,recent_vaccine,A/Massachusetts/18/2022_H3N2,All,302.150,136.150,911.950,0.259
H3N2,recent_vaccine,A/Massachusetts/18/2022_H3N2,EPIHK,217.900,134.325,843.250,0.262
H3N2,recent_vaccine,A/Massachusetts/18/2022_H3N2,NIID,246.700,122.750,366.750,0.362
H3N2,recent_vaccine,A/Massachusetts/18/2022_H3N2,SCH,446.800,108.700,1980.000,0.347
H3N2,recent_vaccine,A/Massachusetts/18/2022_H3N2,UWMC,536.400,277.200,1397.250,0.000
H3N2,recent_vaccine,A/Thailand/8/2022_H3N2,All,448.400,122.750,1278.000,0.274
H3N2,recent_vaccine,A/Thailand/8/2022_H3N2,EPIHK,350.900,102.500,993.675,0.357
H3N2,recent_vaccine,A/Thailand/8/2022_H3N2,NIID,155.000,76.663,520.350,0.458
H3N2,recent_vaccine,A/Thailand/8/2022_H3N2,SCH,776.400,161.000,2545.000,0.224
H3N2,recent_vaccine,A/Thailand/8/2022_H3N2,UWMC,593.500,339.925,1844.750,0.000
H3N2,vaccine,A/Cambodia/e0826360/2020_H3N2,All,249.100,139.200,541.750,0.251
H3N2,vaccine,A/Cambodia/e0826360/2020_H3N2,EPIHK,192.900,103.950,469.300,0.385
H3N2,vaccine,A/Cambodia/e0826360/2020_H3N2,NIID,231.400,157.800,347.300,0.213
H3N2,vaccine,A/Cambodia/e0826360/2020_H3N2,SCH,264.600,114.800,762.700,0.327
H3N2,vaccine,A/Cambodia/e0826360/2020_H3N2,UWMC,383.800,240.175,805.425,0.056
H3N2,vaccine,A/Cambodia/e0826360/2020egg_H3N2,All,1090.000,320.400,2944.000,0.143
H3N2,vaccine,A/Cambodia/e0826360/2020egg_H3N2,EPIHK,817.750,176.150,1880.750,0.190
H3N2,vaccine,A/Cambodia/e0826360/2020egg_H3N2,NIID,773.750,314.200,1800.750,0.104
H3N2,vaccine,A/Cambodia/e0826360/2020egg_H3N2,SCH,1278.000,423.400,5360.000,0.204
H3N2,vaccine,A/Cambodia/e0826360/2020egg_H3N2,UWMC,1928.000,834.850,5153.750,0.056
H3N2,vaccine,A/Darwin/6/2021_H3N2,All,255.800,141.400,548.300,0.243
H3N2,vaccine,A/Darwin/6/2021_H3N2,EPIHK,196.100,118.500,528.900,0.415
H3N2,vaccine,A/Darwin/6/2021_H3N2,NIID,221.700,141.175,274.575,0.229
H3N2,vaccine,A/Darwin/6/2021_H3N2,SCH,434.050,115.525,1227.000,0.292
H3N2,vaccine,A/Darwin/6/2021_H3N2,UWMC,375.000,193.650,730.875,0.000
H3N2,vaccine,A/Darwin/9/2021_H3N2,All,515.200,160.100,1487.000,0.249
H3N2,vaccine,A/Darwin/9/2021_H3N2,EPIHK,320.100,83.610,2012.500,0.357
H3N2,vaccine,A/Darwin/9/2021_H3N2,NIID,287.450,71.350,603.100,0.354
H3N2,vaccine,A/Darwin/9/2021_H3N2,SCH,920.900,214.400,3222.000,0.224
H3N2,vaccine,A/Darwin/9/2021_H3N2,UWMC,935.250,371.675,2860.250,0.000
H3N2,vaccine,A/HongKong/2671/2019_H3N2,All,1427.000,439.900,3891.000,0.091
H3N2,vaccine,A/HongKong/2671/2019_H3N2,EPIHK,842.550,252.825,3511.500,0.119
H3N2,vaccine,A/HongKong/2671/2019_H3N2,NIID,1346.500,501.400,2516.500,0.042
H3N2,vaccine,A/HongKong/2671/2019_H3N2,SCH,1562.000,392.600,5321.000,0.163
H3N2,vaccine,A/HongKong/2671/2019_H3N2,UWMC,2631.000,1313.250,6402.750,0.028
H3N2,vaccine,A/HongKong/45/2019_H3N2,All,309.100,148.850,830.950,0.240
H3N2,vaccine,A/HongKong/45/2019_H3N2,EPIHK,235.550,109.475,775.975,0.357
H3N2,vaccine,A/HongKong/45/2019_H3N2,NIID,275.400,130.950,539.050,0.277
H3N2,vaccine,A/HongKong/45/2019_H3N2,SCH,380.500,136.350,1087.500,0.255
H3N2,vaccine,A/HongKong/45/2019_H3N2,UWMC,629.200,258.000,1576.500,0.029
H3N2,vaccine,A/HongKong/4801/2014_H3N2,All,441.300,231.100,1203.000,0.154
H3N2,vaccine,A/HongKong/4801/2014_H3N2,EPIHK,383.350,195.625,1157.500,0.190
H3N2,vaccine,A/HongKong/4801/2014_H3N2,NIID,373.100,237.350,756.750,0.104
H3N2,vaccine,A/HongKong/4801/2014_H3N2,SCH,419.800,105.500,1597.000,0.286
H3N2,vaccine,A/HongKong/4801/2014_H3N2,UWMC,798.400,412.750,1598.250,0.000
H3N2,vaccine,A/HongKong/4801/2014egg_H3N2,All,1859.000,595.900,5479.000,0.046
H3N2,vaccine,A/HongKong/4801/2014egg_H3N2,EPIHK,1261.500,448.875,5455.250,0.048
H3N2,vaccine,A/HongKong/4801/2014egg_H3N2,NIID,1623.000,739.950,3499.500,0.000
H3N2,vaccine,A/HongKong/4801/2014egg_H3N2,SCH,1859.000,515.300,6259.000,0.122
H3N2,vaccine,A/HongKong/4801/2014egg_H3N2,UWMC,3032.000,1137.000,6995.750,0.000
H3N2,vaccine,A/Kansas/14/2017_H3N2,All,417.000,170.400,1194.500,0.228
H3N2,vaccine,A/Kansas/14/2017_H3N2,EPIHK,254.150,127.075,1001.775,0.286
H3N2,vaccine,A/Kansas/14/2017_H3N2,NIID,304.400,128.625,620.925,0.271
H3N2,vaccine,A/Kansas/14/2017_H3N2,SCH,678.000,232.300,1599.000,0.234
H3N2,vaccine,A/Kansas/14/2017_H3N2,UWMC,579.650,308.675,1509.250,0.088
H3N2,vaccine,A/Singapore/INFIMH-16-0019/2016X-307A_H3N2,All,1819.000,486.125,4722.500,0.086
H3N2,vaccine,A/Singapore/INFIMH-16-0019/2016X-307A_H3N2,EPIHK,1095.700,280.775,4037.750,0.095
H3N2,vaccine,A/Singapore/INFIMH-16-0019/2016X-307A_H3N2,NIID,1484.000,576.600,3058.500,0.042
H3N2,vaccine,A/Singapore/INFIMH-16-0019/2016X-307A_H3N2,SCH,1381.000,351.900,5943.000,0.184
H3N2,vaccine,A/Singapore/INFIMH-16-0019/2016X-307A_H3N2,UWMC,3098.000,1628.500,7236.000,0.000
H3N2,vaccine,A/Singapore/INFIMH-16-0019/2016_H3N2,All,409.150,199.775,1179.750,0.167
H3N2,vaccine,A/Singapore/INFIMH-16-0019/2016_H3N2,EPIHK,321.700,164.000,1126.000,0.195
H3N2,vaccine,A/Singapore/INFIMH-16-0019/2016_H3N2,NIID,346.300,186.150,836.450,0.146
H3N2,vaccine,A/Singapore/INFIMH-16-0019/2016_H3N2,SCH,374.700,124.800,1492.000,0.265
H3N2,vaccine,A/Singapore/INFIMH-16-0019/2016_H3N2,UWMC,808.750,430.475,1665.500,0.028
H3N2,vaccine,A/Switzerland/9715293/2013NIB-88_H3N2,All,963.700,344.950,2765.000,0.063
H3N2,vaccine,A/Switzerland/9715293/2013NIB-88_H3N2,EPIHK,812.800,308.950,2602.500,0.048
H3N2,vaccine,A/Switzerland/9715293/2013NIB-88_H3N2,NIID,591.100,296.100,1562.250,0.000
H3N2,vaccine,A/Switzerland/9715293/2013NIB-88_H3N2,SCH,1042.000,291.100,3494.000,0.184
H3N2,vaccine,A/Switzerland/9715293/2013NIB-88_H3N2,UWMC,1448.500,536.850,3481.750,0.000
H3N2,vaccine,A/Switzerland/9715293/2013_H3N2,All,330.500,160.100,820.100,0.211
H3N2,vaccine,A/Switzerland/9715293/2013_H3N2,EPIHK,242.700,145.200,607.075,0.214
H3N2,vaccine,A/Switzerland/9715293/2013_H3N2,NIID,249.600,158.875,398.225,0.229
H3N2,vaccine,A/Switzerland/9715293/2013_H3N2,SCH,399.200,97.030,1072.000,0.327
H3N2,vaccine,A/Switzerland/9715293/2013_H3N2,UWMC,704.700,317.275,1138.000,0.028
H3N2,vaccine,A/Texas/50/2012X-223A_H3N2,All,2903.500,981.550,8172.000,0.040
H3N2,vaccine,A/Texas/50/2012X-223A_H3N2,EPIHK,2742.000,712.200,6479.000,0.024
H3N2,vaccine,A/Texas/50/2012X-223A_H3N2,NIID,3003.500,1499.750,5139.500,0.000
H3N2,vaccine,A/Texas/50/2012X-223A_H3N2,SCH,2299.000,381.500,9192.000,0.102
H3N2,vaccine,A/Texas/50/2012X-223A_H3N2,UWMC,6017.000,1471.250,10032.250,0.028
H3N2,vaccine,A/Texas/50/2012_H3N2,All,1449.000,541.600,3947.000,0.087
H3N2,vaccine,A/Texas/50/2012_H3N2,EPIHK,993.800,406.050,3377.750,0.071
H3N2,vaccine,A/Texas/50/2012_H3N2,NIID,1317.000,651.150,3137.250,0.062
H3N2,vaccine,A/Texas/50/2012_H3N2,SCH,1284.500,232.125,3067.000,0.167
H3N2,vaccine,A/Texas/50/2012_H3N2,UWMC,3381.000,1218.000,6857.000,0.029
