group,serum,virus,replicate,ic50,ic50_bound,midpoint,midpoint_bound,midpoint_bound_type,slope,top,bottom,r2,rmsd
pilot,PENN23_y1999_s048_d0,A/Florida/ISC-1241/2025_H3N2,plate0_1-8-TTGGGGAACGGGAAGC,0.006018,interpolated,0.01264,0.01264,interpolated,0.8,0.7761,0,0.6623,0.1011
pilot,PENN23_y1999_s048_d0,A/Netherlands/01502/2025_H3N2,plate0_1-8-GAGGGGTAGAGATACG,0.025,lower,0.04311,0.025,lower,0.8,0.9405,0,0.6695,0.08581
pilot,PENN23_y1999_s048_d0,A/Netherlands/01502/2025_H3N2,plate0_1-8-TTCTGTCCAGACTCGT,0.005063,interpolated,0.005063,0.005063,interpolated,0.8,1,0,0.8405,0.1007
pilot,PENN23_y1999_s048_d0,A/Ecuador/1385/2024_H3N2,plate0_1-8-CGGACCCTAGATGGTA,0.02389,interpolated,0.03216,0.025,lower,0.8,0.8942,0,0.6132,0.1011
pilot,PENN23_y1999_s048_d0,A/Ecuador/1385/2024_H3N2,plate0_1-8-AGTGTTGAATAGGCGA,0.0139,interpolated,0.02408,0.02408,interpolated,0.8,0.8221,0,0.437,0.1413
pilot,PENN23_y1999_s048_d0,A/France/PAC-RELAB-HCL024172122101/2024_H3N2,plate0_1-8-ACTGTCTAGAAATTTT,0.025,lower,0.09587,0.025,lower,0.8,0.9037,0,0.2643,0.1202
pilot,PENN23_y1999_s048_d0,A/Michigan/UM-10062100736/2025_H3N2,plate0_1-8-ACCAGCAATGAGTTGT,0.006135,interpolated,0.01185,0.01185,interpolated,0.8,0.7954,0,0.6593,0.1097
pilot,PENN23_y1999_s048_d0,A/Punta_Arenas/83659/2024_H3N2,plate0_1-8-ACGTGTCTCCGAGCAA,0.02198,interpolated,0.02622,0.025,lower,0.8,0.9342,0,0.7002,0.09002
pilot,PENN23_y1999_s048_d0,A/Punta_Arenas/83659/2024_H3N2,plate0_1-8-TTACGAATTTGATTCC,0.01125,interpolated,0.01507,0.01507,interpolated,1.503,0.8223,0,0.6967,0.1258
pilot,PENN23_y1999_s048_d0,A/Tasmania/790/2024_H3N2,plate0_1-8-CGTGTACCCTTCAGCA,0.002143,interpolated,0.002143,0.002143,interpolated,0.8,1,0,0.8804,0.1048
pilot,PENN23_y1999_s048_d0,A/Tasmania/790/2024_H3N2,plate0_1-8-CTTCGGCTCTTGATTA,0.00239,interpolated,0.004151,0.004151,interpolated,0.8,0.8215,0,0.9071,0.07223
pilot,PENN23_y1999_s048_d0,A/New_York/GKISBBBE61555/2025_H3N2,plate0_1-8-AACAGAAGTCCATGTA,0.01025,interpolated,0.01829,0.01829,interpolated,0.8,0.8146,0,0.5686,0.1177
pilot,PENN23_y1999_s048_d0,A/New_York/GKISBBBE61555/2025_H3N2,plate0_1-8-GCCAGCTCGTATCCCT,0.005755,interpolated,0.008421,0.008421,interpolated,0.8,0.8687,0,0.8172,0.09561
pilot,PENN23_y1999_s048_d0,A/India/Pune-NIV24_3439/2024_H3N2,plate0_1-8-ATTATCATATCTAATA,0.025,lower,0.03309,0.025,lower,10,0.8978,0,0.01313,0.1471
pilot,PENN23_y1999_s048_d0,A/India/Pune-NIV24_3439/2024_H3N2,plate0_1-8-AGCCCATGCTGGGGAT,0.025,lower,0.02856,0.025,lower,10,0.9327,0,0.2993,0.0986
pilot,PENN23_y1999_s048_d0,A/Saskatchewan/RV04835/2024_H3N2,plate0_1-8-CAAATGCTGCATTAGG,0.005587,interpolated,0.00794,0.00794,interpolated,0.8,0.8775,0,0.9196,0.05911
pilot,PENN23_y1999_s048_d0,A/New_York/191/2024_H3N2,plate0_1-8-GATCTTGGGGAGAGTC,0.02477,interpolated,0.02708,0.025,lower,10,0.705,0,0.2327,0.1314
pilot,PENN23_y1999_s048_d0,A/France/ARA-RELAB-HCL025017178801/2025_H3N2,plate0_1-8-GCAAACAGTGTAGTTG,0.025,lower,0.1269,0.025,lower,0.8,0.7059,0,0.1917,0.09373
pilot,PENN23_y1999_s048_d0,A/Vermont/13/2025_H3N2,plate0_1-8-CCTTGATGCATTCCCG,0.01386,interpolated,0.01853,0.01853,interpolated,1.173,0.8555,0,0.6098,0.1336
pilot,PENN23_y1999_s048_d0,A/Vermont/13/2025_H3N2,plate0_1-8-AACTTCCGTCGCCTGA,0.004441,interpolated,0.01157,0.01157,interpolated,1.631,0.6049,0,0.576,0.1283
pilot,PENN23_y1999_s048_d0,A/Texas/ISC-1148/2025_H3N2,plate0_1-8-ACCGAATGAATCATCC,0.005252,interpolated,0.006998,0.006998,interpolated,0.8,0.8974,0,0.7659,0.1201
pilot,PENN23_y1999_s048_d0,A/Texas/ISC-1148/2025_H3N2,plate0_1-8-TCTCAGCTCTTAGCCG,0.002715,interpolated,0.002715,0.002715,interpolated,0.8,1,0,0.8417,0.115
pilot,PENN23_y1999_s048_d0,A/Sao_Paulo/358026766-IAL/2024_H3N2,plate0_1-8-AGCATAGGGATATGTG,0.01166,interpolated,0.01451,0.01451,interpolated,0.8,0.9197,0,0.6916,0.1211
pilot,PENN23_y1999_s048_d0,A/Texas/15550/2024_H3N2,plate0_1-8-CTATATTGCCCGGAAG,0.01129,interpolated,0.01136,0.01136,interpolated,0.9706,0.9971,0,0.8766,0.08777
pilot,PENN23_y1999_s048_d0,A/Busan/461/2025_H3N2,plate0_1-8-CCCTGCGCGGCTCGGG,0.005352,interpolated,0.007247,0.007247,interpolated,0.8,0.8923,0,0.7391,0.1147
pilot,PENN23_y1999_s048_d0,A/Utah/87/2024_H3N2,plate0_1-8-ATTCCGAATGGGGTAG,0.008787,interpolated,0.0104,0.0104,interpolated,0.8,0.9369,0,0.6573,0.1457
pilot,PENN23_y1999_s048_d0,A/New_York/39/2025_H3N2,plate0_1-8-GATCGCCATCGACTTC,0.005772,interpolated,0.01019,0.01019,interpolated,0.8,0.8174,0,0.6179,0.1258
pilot,PENN23_y1999_s048_d0,A/New_York/39/2025_H3N2,plate0_1-8-CGAACCGCAGACACGT,0.00776,interpolated,0.008774,0.008774,interpolated,0.8,0.9532,0,0.6108,0.1542
pilot,PENN23_y1999_s048_d0,A/Amapa/021563-IEC/2024_H3N2,plate0_1-8-TTGTATCAGTCGCGCC,0.01117,interpolated,0.01507,0.01507,interpolated,0.8,0.8933,0,0.6524,0.1202
pilot,PENN23_y1999_s048_d0,A/Amapa/021563-IEC/2024_H3N2,plate0_1-8-AGTTGGGGTCTCCCTT,0.004656,interpolated,0.004799,0.004799,interpolated,0.8,0.9881,0,0.7689,0.1325
pilot,PENN23_y1999_s048_d0,A/Minnesota/126/2024_H3N2,plate0_1-8-AAACCCATAAGACCCC,0.002392,interpolated,0.002953,0.002953,interpolated,0.8,0.9224,0,0.7772,0.1172
pilot,PENN23_y1999_s048_d0,A/Minnesota/126/2024_H3N2,plate0_1-8-TACATACCGACGCAGT,0.0084,interpolated,0.009666,0.009666,interpolated,3.945,0.7875,0,0.7446,0.1548
pilot,PENN23_y1999_s048_d0,A/Washington/284/2024_H3N2,plate0_1-8-AACGGTTCCGACTAAG,0.006985,interpolated,0.01016,0.01016,interpolated,0.8,0.8705,0,0.8549,0.0807
pilot,PENN23_y1999_s048_d0,A/Washington/284/2024_H3N2,plate0_1-8-CCCCCGCTGTTTAAAA,0.001484,interpolated,0.001773,0.001773,interpolated,0.8,0.9336,0,0.7384,0.1401
pilot,PENN23_y1999_s048_d0,A/Texas/ISC-1322/2025_H3N2,plate0_1-8-GTCAAGTTACGGATGG,0.002159,interpolated,0.002159,0.002159,interpolated,0.8,1,0,0.7678,0.1335
pilot,PENN23_y1999_s048_d0,A/Texas/ISC-1322/2025_H3N2,plate0_1-8-CGTTCAGCGATAACGG,0.002957,interpolated,0.002957,0.002957,interpolated,0.9978,1,0,0.8853,0.1104
pilot,PENN23_y1999_s048_d0,A/Texas/ISC-1274/2025_H3N2,plate0_1-8-CATGGGAATTGCCACT,0.003023,interpolated,0.003493,0.003493,interpolated,0.8,0.9454,0,0.6408,0.1547
pilot,PENN23_y1999_s048_d0,A/Texas/ISC-1274/2025_H3N2,plate0_1-8-AAGTTAGTAGACCCAC,0.002771,interpolated,0.002771,0.002771,interpolated,0.8,1,0,0.8421,0.1168
pilot,PENN23_y1999_s048_d0,A/Maldives/2186/2024_H3N2,plate0_1-8-TCTTATTAGGCGGCAT,0.009916,interpolated,0.02068,0.02068,interpolated,0.8,0.7777,0,0.6986,0.09355
pilot,PENN23_y1999_s048_d0,A/Queensland/IN000803/2024_H3N2,plate0_1-8-TATGTCGTATCCACAG,0.003966,interpolated,0.003975,0.003975,interpolated,0.8,0.999,0,0.8247,0.118
pilot,PENN23_y1999_s048_d0,A/Queensland/IN000803/2024_H3N2,plate0_1-8-CGCAGCATTGGTCGCC,0.002218,interpolated,0.006712,0.006712,interpolated,0.8439,0.6964,0,0.8862,0.06362
pilot,PENN23_y1999_s048_d0,A/Tennessee/99/2024_H3N2,plate0_1-8-CAGGCTCTAGAGCTCT,0.00623,interpolated,0.01384,0.01384,interpolated,0.8,0.764,0,0.4964,0.1448
pilot,PENN23_y1999_s048_d0,A/Massachusetts/93/2024_H3N2,plate0_1-8-CTAGCACAGCGTAGGC,0.002403,interpolated,0.004934,0.004934,interpolated,0.8,0.7812,0,0.742,0.1031
pilot,PENN23_y1999_s048_d0,A/Massachusetts/93/2024_H3N2,plate0_1-8-TCACGACTCGACTAAC,0.002376,interpolated,0.002376,0.002376,interpolated,0.8415,1,0,0.9084,0.09739
pilot,PENN23_y1999_s048_d0,A/Massachusetts/BI_MGH-23147/2025_H3N2,plate0_1-8-ACAATCTGAACCATAC,0.001525,interpolated,0.001709,0.001709,interpolated,0.8,0.9564,0,0.7925,0.1131
pilot,PENN23_y1999_s048_d0,A/Massachusetts/BI_MGH-23147/2025_H3N2,plate0_1-8-CGGGAACATACATAAC,0.005244,interpolated,0.006993,0.006993,interpolated,0.8,0.8972,0,0.8032,0.114
pilot,PENN23_y1999_s048_d0,A/Minnesota/133/2024_H3N2,plate0_1-8-GTAAGCAAAGTTGACC,0.01213,interpolated,0.0179,0.0179,interpolated,0.8,0.8663,0,0.6148,0.1315
pilot,PENN23_y1999_s048_d0,A/Washington/UW-25728/2024_H3N2,plate0_1-8-TGTAATAGGCGTCACA,0.01355,interpolated,0.01704,0.01704,interpolated,0.8,0.9163,0,0.6977,0.1124
pilot,PENN23_y1999_s048_d0,A/Michigan/UM-10062069629/2025_H3N2,plate0_1-8-TCATGGGTGTACGAGA,0.005224,interpolated,0.006046,0.006046,interpolated,0.8,0.9448,0,0.949,0.05577
pilot,PENN23_y1999_s048_d0,A/Michigan/UM-10062069629/2025_H3N2,plate0_1-8-CTGAACTTATCTGTGG,0.004853,interpolated,0.004853,0.004853,interpolated,0.8297,1,0,0.9153,0.08398
pilot,PENN23_y1999_s048_d0,A/Tasmania/788/2024_H3N2,plate0_1-8-CTATTTAACAGACGTA,0.005569,interpolated,0.01625,0.01625,interpolated,0.8,0.7123,0,0.4575,0.1459
pilot,PENN23_y1999_s048_d0,A/Queensland/IN000692/2024_H3N2,plate0_1-8-TCCAGCGCGGTAAGAG,0.002112,interpolated,0.002861,0.002861,interpolated,0.8,0.8922,0,0.9042,0.07839
pilot,PENN23_y1999_s048_d0,A/Queensland/IN000692/2024_H3N2,plate0_1-8-ACATTTTCCAATAGGT,0.002067,interpolated,0.00293,0.00293,interpolated,0.8,0.8783,0,0.7759,0.1284
pilot,PENN23_y1999_s048_d0,A/Victoria/96/2025_H3N2,plate0_1-8-ACAAGATTCGGGGGAC,0.004699,interpolated,0.00492,0.00492,interpolated,0.8,0.9819,0,0.7958,0.1163
pilot,PENN23_y1999_s048_d0,A/Victoria/96/2025_H3N2,plate0_1-8-GCAGCGTGCCGGTCAT,0.003604,interpolated,0.003604,0.003604,interpolated,0.8051,1,0,0.8017,0.1393
pilot,PENN23_y1999_s048_d0,A/Santa_Catarina/333/2025_H3N2,plate0_1-8-TCGTCGCACTACTGCT,0.005942,interpolated,0.01317,0.01317,interpolated,0.8,0.7645,0,0.884,0.05461
pilot,PENN23_y1999_s048_d0,A/Santa_Catarina/333/2025_H3N2,plate0_1-8-TACTGATAACCCTGCG,0.008003,interpolated,0.01166,0.01166,interpolated,0.8,0.87,0,0.8114,0.09338
pilot,PENN23_y1999_s048_d0,A/Utah/94/2024_H3N2,plate0_1-8-CGGTCGGGACTCATCT,0.002271,interpolated,0.002546,0.002546,interpolated,0.8,0.9564,0,0.6765,0.1435
pilot,PENN23_y1999_s048_d0,A/Utah/94/2024_H3N2,plate0_1-8-ATGGCCCACGGGCATA,0.004585,interpolated,0.004589,0.004589,interpolated,0.8,0.9996,0,0.7549,0.1449
pilot,PENN23_y1999_s048_d0,A/Canberra/613/2024_H3N2,plate0_1-8-GTGAGCGAGAAAAGCA,0.004943,interpolated,0.00848,0.00848,interpolated,0.8,0.8247,0,0.6717,0.1221
pilot,PENN23_y1999_s048_d0,A/Canberra/613/2024_H3N2,plate0_1-8-TAGCATTGTCGGAAAG,0.008827,interpolated,0.01147,0.01147,interpolated,1.567,0.8317,0,0.7217,0.1342
pilot,PENN23_y1999_s048_d0,A/Michigan/120/2024_H3N2,plate0_1-8-CTGAGCTGCCAATAAG,0.01292,interpolated,0.02864,0.025,lower,0.8,0.7644,0,0.5675,0.1048
pilot,PENN23_y1999_s048_d0,A/Michigan/120/2024_H3N2,plate0_1-8-CCAACACAAAAAATTA,0.004862,interpolated,0.004862,0.004862,interpolated,0.8,1,0,0.6818,0.1594
pilot,PENN23_y1999_s048_d0,A/Washington/15245/2025_H3N2,plate0_1-8-CCTGGGTTAAGTTGTG,0.02135,interpolated,0.02327,0.02327,interpolated,10,0.7118,0,0.5256,0.1503
pilot,PENN23_y1999_s048_d0,A/Washington/15245/2025_H3N2,plate0_1-8-CTCCTAGGGGACGATT,0.003823,interpolated,0.004037,0.004037,interpolated,0.8,0.9787,0,0.741,0.1559
pilot,PENN23_y1999_s048_d0,A/Colorado/ISC-1416/2024_H3N2,plate0_1-8-CTGTACCTGCAGTTGA,0.009109,interpolated,0.01179,0.01179,interpolated,0.9733,0.889,0,0.5979,0.1665
pilot,PENN23_y1999_s048_d0,A/Colorado/ISC-1416/2024_H3N2,plate0_1-8-ACTCTGGCTCGCTAAT,0.003136,interpolated,0.003817,0.003817,interpolated,0.8,0.9272,0,0.6991,0.1333
pilot,PENN23_y1999_s048_d0,A/Pennsylvania/288/2024_H3N2,plate0_1-8-ACTACGAGGCTACGTA,0.006005,interpolated,0.02141,0.02141,interpolated,0.8,0.6809,0,0.3736,0.1407
pilot,PENN23_y1999_s048_d0,A/Pennsylvania/288/2024_H3N2,plate0_1-8-AGTGTTGGCTTGGTTA,0.01333,interpolated,0.01494,0.01494,interpolated,2.444,0.8779,0,0.7076,0.1393
pilot,PENN23_y1999_s048_d0,A/Victoria/46/2024_H3N2,plate0_1-8-AACTTCCCTGACTGCT,0.009034,interpolated,0.01259,0.01259,interpolated,0.8,0.8834,0,0.7393,0.1083
pilot,PENN23_y1999_s048_d0,A/Wisconsin/172/2024_H3N2,plate0_1-8-GAAGTGCGTATTGAGT,0.01663,interpolated,0.01966,0.01966,interpolated,2.634,0.8215,0,0.6586,0.1246
pilot,PENN23_y1999_s048_d0,A/Wisconsin/172/2024_H3N2,plate0_1-8-CTAATTTAAGTATCAA,0.004369,interpolated,0.004917,0.004917,interpolated,0.8,0.9549,0,0.7182,0.1398
pilot,PENN23_y1999_s048_d0,A/DistrictOfColumbia/27/2023_H3N2,plate0_1-8-GAATAATAGAACAGAG,0.008441,interpolated,0.01114,0.01114,interpolated,0.8,0.9006,0,0.8233,0.09021
pilot,PENN23_y1999_s048_d0,A/DistrictOfColumbia/27/2023_H3N2,plate0_1-8-AAGAAGCTATAGAAGT,0.008156,interpolated,0.01778,0.01778,interpolated,0.8,0.768,0,0.5328,0.1366
pilot,PENN23_y1999_s048_d0,A/Rhode_Island/66/2024_H3N2,plate0_1-8-CATGTGGAGCCCAACA,0.005249,interpolated,0.00612,0.00612,interpolated,0.8742,0.9372,0,0.8759,0.09188
pilot,PENN23_y1999_s048_d0,A/Indiana/46/2024_H3N2,plate0_1-8-TTGCTCCTGAGTAGTA,0.004401,interpolated,0.004401,0.004401,interpolated,0.8,1,0,0.9807,0.03595
pilot,PENN23_y1999_s048_d0,A/Indiana/46/2024_H3N2,plate0_1-8-AAGAAGACTTTGTGAT,0.00921,interpolated,0.00921,0.00921,interpolated,0.8585,1,0,0.8253,0.1156
pilot,PENN23_y1999_s048_d0,A/Sydney/43/2025_H3N2,plate0_1-8-ATATAAAAAACTTAGT,0.004421,interpolated,0.007041,0.007041,interpolated,0.8,0.8446,0,0.759,0.1063
pilot,PENN23_y1999_s048_d0,A/Sydney/43/2025_H3N2,plate0_1-8-CGTTTTTGGTTCGAGG,0.007122,interpolated,0.02112,0.02112,interpolated,0.8,0.7095,0,0.373,0.1462
pilot,PENN23_y1999_s048_d0,A/Ghana/FS-25-0256/2025_H3N2,plate0_1-8-AGTCGTTTAGATAGTT,0.004479,interpolated,0.004948,0.004948,interpolated,0.8,0.9617,0,0.8455,0.1064
pilot,PENN23_y1999_s048_d0,A/Rhode_Island/15446/2025_H3N2,plate0_1-8-AGCATCTAACAGATAG,0.001724,interpolated,0.001833,0.001833,interpolated,0.8,0.9761,0,0.9195,0.08163
pilot,PENN23_y1999_s048_d0,A/Rhode_Island/15446/2025_H3N2,plate0_1-8-CGGCCAGGGAATCAAA,0.002365,interpolated,0.004487,0.004487,interpolated,0.8,0.7995,0,0.692,0.1287
pilot,PENN23_y1999_s048_d0,A/France/BRE-IPP01880/2025_H3N2,plate0_1-8-CGCACTTTACGAGACA,0.02473,interpolated,0.02619,0.025,lower,4.758,0.8804,0,0.6256,0.09977
pilot,PENN23_y1999_s048_d0,A/France/BRE-IPP01880/2025_H3N2,plate0_1-8-CAAAATCTACGGCGAC,0.004745,interpolated,0.00667,0.00667,interpolated,0.8,0.8808,0,0.7791,0.1134
pilot,PENN23_y1999_s048_d0,A/CoteD'Ivoire/4448/2024_H3N2,plate0_1-8-GCCTAAAGGATCATGA,0.007037,interpolated,0.009026,0.009026,interpolated,0.8,0.9097,0,0.8285,0.09192
pilot,PENN23_y1999_s048_d0,A/Wisconsin/NIRC-IS-1028/2024_H3N2,plate0_1-8-TCAATCGGGGGCTAAA,0.009561,interpolated,0.01131,0.01131,interpolated,0.8,0.937,0,0.6176,0.1378
pilot,PENN23_y1999_s048_d0,A/Wisconsin/NIRC-IS-1028/2024_H3N2,plate0_1-8-AACCTACGAGACGTAA,0.009867,interpolated,0.01158,0.01158,interpolated,0.8,0.94,0,0.6906,0.1364
pilot,PENN23_y1999_s048_d0,A/Tasmania/836/2024_H3N2,plate0_1-8-AAGATTGATTGAAGTT,0.007906,interpolated,0.007906,0.007906,interpolated,0.8,1,0,0.8746,0.08965
pilot,PENN23_y1999_s048_d0,A/Croatia/10136RV/2023_H3N2,plate0_1-8-GTCGCCGCTAATCCGA,0.001794,interpolated,0.002011,0.002011,interpolated,0.8,0.9562,0,0.8314,0.1067
pilot,PENN23_y1999_s048_d0,A/Badajoz/18680568/2025_H3N2,plate0_1-8-TTTCACAGAACCTATC,0.00405,interpolated,0.004126,0.004126,interpolated,1.016,0.9906,0,0.9249,0.08246
pilot,PENN23_y1999_s048_d0,A/Minnesota/97/2024_H3N2,plate0_1-8-CACCATCAGCACCTAG,0.00247,interpolated,0.002476,0.002476,interpolated,0.8,0.999,0,0.8722,0.1026
pilot,PENN23_y1999_s048_d0,A/Minnesota/97/2024_H3N2,plate0_1-8-AGCGACATCGCCCTTT,0.004728,interpolated,0.005211,0.005211,interpolated,1.711,0.9232,0,0.8896,0.1155
pilot,PENN23_y1999_s048_d0,A/Oregon/265/2024_H3N2,plate0_1-8-AACTGCGTTCATCGAT,0.009094,interpolated,0.012,0.012,interpolated,1.164,0.862,0,0.6573,0.1445
pilot,PENN23_y1999_s048_d0,A/Oregon/265/2024_H3N2,plate0_1-8-CTATAAACCGTTTGTA,0.008884,interpolated,0.01146,0.01146,interpolated,0.8,0.9078,0,0.7418,0.1073
pilot,PENN23_y1999_s048_d0,A/Nevada/216/2024_H3N2,plate0_1-8-ATACACGCATGTGCCA,0.005154,interpolated,0.01482,0.01482,interpolated,0.8,0.7148,0,0.5601,0.1255
pilot,PENN23_y1999_s048_d0,A/Slovenia/49/2024_H3N2,plate0_1-8-AATGAAACAATCGAAC,0.002651,interpolated,0.002813,0.002813,interpolated,0.8,0.9767,0,0.8637,0.1063
pilot,PENN23_y1999_s048_d0,A/Slovenia/49/2024_H3N2,plate0_1-8-AATCGCTGGCACCCGT,0.002674,interpolated,0.003022,0.003022,interpolated,0.8,0.9534,0,0.8615,0.1103
pilot,PENN23_y1999_s048_d0,A/Victoria/3482/2024_H3N2,plate0_1-8-AAGCGGTGATGTGATT,0.001232,interpolated,0.00125,0.00125,interpolated,0.8635,0.9936,0,0.9604,0.06155
pilot,PENN23_y1999_s048_d0,A/Victoria/3482/2024_H3N2,plate0_1-8-CACCGCGCCGAGCACC,0.001224,interpolated,0.00132,0.00132,interpolated,1.414,0.9495,0,0.9042,0.1112
pilot,PENN23_y1999_s048_d0,A/Kentucky/57/2024_H3N2,plate0_1-8-TCGTCCGTTGGGAACT,0.002409,interpolated,0.003054,0.003054,interpolated,0.8,0.9135,0,0.8894,0.09215
pilot,PENN23_y1999_s048_d0,A/Kentucky/57/2024_H3N2,plate0_1-8-GTTGCTCCGACACGCC,0.003983,interpolated,0.004696,0.004696,interpolated,0.8424,0.9353,0,0.7551,0.1489
pilot,PENN23_y1999_s048_d0,A/France/IDF-IPP29542/2023_H3N2,plate0_1-8-GAAAGCCCCGTGCAAT,0.009116,interpolated,0.01097,0.01097,interpolated,1.321,0.8916,0,0.8088,0.116
pilot,PENN23_y1999_s048_d0,A/France/IDF-IPP29542/2023_H3N2,plate0_1-8-ACGGGGATTGGCTGTT,0.003218,interpolated,0.003644,0.003644,interpolated,0.8,0.9527,0,0.7222,0.1509
pilot,PENN23_y1999_s048_d0,A/DE/DE-DHSS-901/2025_(H3N2)_H3N2,plate0_1-8-TTTCGTGATACTCACA,0.002021,interpolated,0.002533,0.002533,interpolated,0.8,0.9172,0,0.8142,0.1243
pilot,PENN23_y1999_s048_d0,A/DE/DE-DHSS-901/2025_(H3N2)_H3N2,plate0_1-8-TGGTCCGCTTCATGCT,0.00431,interpolated,0.006765,0.006765,interpolated,1.023,0.8153,0,0.6758,0.1627
pilot,PENN23_y1999_s048_d0,A/Norway/12374/2023_H3N2,plate0_1-8-GTCGCATCCTGGAATG,0.01351,interpolated,0.01635,0.01635,interpolated,4.087,0.7294,0,0.6852,0.1356
pilot,PENN23_y1999_s048_d0,A/Norway/12374/2023_H3N2,plate0_1-8-GCCGCTGCGGCGTGTG,0.0178,interpolated,0.02473,0.02473,interpolated,1.693,0.7865,0,0.4966,0.1319
pilot,PENN23_y1999_s048_d0,A/Maldives/2147/2024_H3N2,plate0_1-8-GAAGTACGCTGAATGA,0.01164,interpolated,0.01285,0.01285,interpolated,3.57,0.8507,0,0.6772,0.1717
pilot,PENN23_y1999_s048_d0,A/Maldives/2147/2024_H3N2,plate0_1-8-CCGCGCACGTTTAGAG,0.006108,interpolated,0.007991,0.007991,interpolated,1.637,0.822,0,0.8104,0.1148
pilot,PENN23_y1999_s048_d0,A/Darwin/6/2021_H3N2,plate0_1-8-CTATCTTAATCTACAG,0.001876,interpolated,0.001876,0.001876,interpolated,0.8917,1,0,0.8725,0.1163
pilot,PENN23_y1999_s048_d0,A/Darwin/6/2021_H3N2,plate0_1-8-GTTATTATGACTTCAT,0.002315,interpolated,0.002745,0.002745,interpolated,0.8,0.9364,0,0.8513,0.1151
pilot,PENN23_y1999_s048_d0,A/Darwin/6/2021_H3N2,plate0_1-8-CAATTCGCCGTTCCCC,0.008818,interpolated,0.009344,0.009344,interpolated,10,0.78,0,0.6742,0.1904
pilot,PENN23_y1999_s048_d0,A/Victoria/3480/2024_H3N2,plate0_1-8-GCATCCTCAACTCCTA,0.009908,interpolated,0.01042,0.01042,interpolated,10,0.8012,0,0.734,0.1551
pilot,PENN23_y1999_s048_d0,A/BurkinaFaso/3131/2023_H3N2,plate0_1-8-AAGGGGCCTCATAATG,0.007584,interpolated,0.007734,0.007734,interpolated,1.276,0.9877,0,0.8898,0.1007
pilot,PENN23_y1999_s048_d0,A/Manitoba/RV04865/2024_H3N2,plate0_1-8-TGACAACAATACAAAT,0.009214,interpolated,0.01082,0.01082,interpolated,10,0.6,0,0.6848,0.1298
pilot,PENN23_y1999_s048_d0,A/Manitoba/RV04865/2024_H3N2,plate0_1-8-ATTAGGGCTACGTGAG,0.004183,interpolated,0.005465,0.005465,interpolated,1.187,0.864,0,0.7673,0.1574
pilot,PENN23_y1999_s048_d0,A/Colombia/7681/2024_H3N2,plate0_1-8-GATCGCCACTGATAAG,0.01836,interpolated,0.02163,0.02163,interpolated,1.451,0.8944,0,0.8499,0.0717
pilot,PENN23_y1999_s048_d0,A/Colombia/1851/2024_H3N2,plate0_1-8-GTAGATACTAGGACCA,0.002465,interpolated,0.002465,0.002465,interpolated,0.8519,1,0,0.9578,0.06381
pilot,PENN23_y1999_s048_d0,A/Colombia/1851/2024_H3N2,plate0_1-8-AAGCCCAGCGGGTGAT,0.0044,interpolated,0.005581,0.005581,interpolated,1.247,0.8718,0,0.7907,0.1449
pilot,PENN23_y1999_s048_d0,A/Cambodia/e0826360/2020_H3N2,plate0_1-8-TTGCAATTGAAACATA,0.002451,interpolated,0.002451,0.002451,interpolated,0.8,1,0,0.8344,0.131
pilot,PENN23_y1999_s048_d0,A/Cambodia/e0826360/2020_H3N2,plate0_1-8-ATTAGATTATAACGTA,0.002395,interpolated,0.002395,0.002395,interpolated,0.8431,1,0,0.8224,0.1488
pilot,PENN23_y1999_s048_d0,A/Cambodia/e0826360/2020_H3N2,plate0_1-8-TTGACTCACCGAATAA,0.003835,interpolated,0.003857,0.003857,interpolated,10,0.9729,0,0.8251,0.1663
pilot,PENN23_y1999_s048_d0,A/Massachusetts/ISC-1684/2025_H3N2,plate0_1-8-GACGGGATGGGCACGT,0.002344,interpolated,0.002643,0.002643,interpolated,1.017,0.9425,0,0.8842,0.1126
pilot,PENN23_y1999_s048_d0,A/Massachusetts/ISC-1684/2025_H3N2,plate0_1-8-TGATCTGTGACATTGC,0.005236,interpolated,0.005236,0.005236,interpolated,1.119,1,0,0.8346,0.1443
pilot,PENN23_y1999_s048_d0,A/Maldives/2132/2024_H1N1,plate0_1-8-GTACCCAGTTCCTGCG,0.00117,interpolated,0.00117,0.00117,interpolated,1.426,1,0,0.9861,0.04603
pilot,PENN23_y1999_s048_d0,A/Maldives/2132/2024_H1N1,plate0_1-8-GAAATCCCCAAATAAC,0.0008192,interpolated,0.001166,0.001166,interpolated,1.111,0.8378,0,0.955,0.06421
pilot,PENN23_y1999_s048_d0,A/Iowa/123/2024_H1N1,plate0_1-8-ACACGGGTTGGCTGTA,0.001441,interpolated,0.001441,0.001441,interpolated,1.091,1,0,0.9778,0.05396
pilot,PENN23_y1999_s048_d0,A/Iowa/123/2024_H1N1,plate0_1-8-AATGCGAGCATGTCAA,0.001681,interpolated,0.001841,0.001841,interpolated,1.347,0.9423,0,0.973,0.0603
pilot,PENN23_y1999_s048_d0,A/Massachusetts/ISC-1679/2025_H1N1,plate0_1-8-ATGGGATTGGAGAAAC,0.001321,interpolated,0.001321,0.001321,interpolated,1.184,1,0,0.9763,0.05765
pilot,PENN23_y1999_s048_d0,A/Massachusetts/ISC-1679/2025_H1N1,plate0_1-8-ACCGATTCACGAATAA,0.001592,interpolated,0.001592,0.001592,interpolated,1.153,1,0,0.9679,0.06634
pilot,PENN23_y1999_s048_d0,A/Thailand/8/2022_H3N2,plate0_1-8-CATAAAAGACTGTATA,0.0003427,interpolated,0.0003427,0.0003427,interpolated,0.8,1,0,0.7684,0.1241
pilot,PENN23_y1999_s048_d0,A/Thailand/8/2022_H3N2,plate0_1-8-CGTACGTATGTCCCAG,0.0007555,interpolated,0.0007763,0.0007763,interpolated,10,0.881,0,0.9441,0.09054
pilot,PENN23_y1999_s048_d0,A/Thailand/8/2022_H3N2,plate0_1-8-AGACCATCGCACCCAA,0.0005792,interpolated,0.0005792,0.0005792,interpolated,0.8685,1,0,0.9742,0.04849
pilot,PENN23_y1999_s048_d0,A/Colorado/218/2024_H1N1,plate0_1-8-CGCGACACCCTTCCGG,0.001328,interpolated,0.001328,0.001328,interpolated,1.531,1,0,0.9703,0.06955
pilot,PENN23_y1999_s048_d0,A/Wisconsin/67/2022_H1N1,plate0_1-8-AGGAAAGAAACTGGAG,0.002551,interpolated,0.002828,0.002828,interpolated,2.498,0.8863,0,0.9276,0.1045
pilot,PENN23_y1999_s048_d0,A/Wisconsin/67/2022_H1N1,plate0_1-8-CTGAACTTGTCGATAT,0.001234,interpolated,0.001436,0.001436,interpolated,1.228,0.9154,0,0.9252,0.09749
pilot,PENN23_y1999_s048_d0,A/Wisconsin/67/2022_H1N1,plate0_1-8-AAAGCTCTTTTCGTTC,0.002309,interpolated,0.002931,0.002931,interpolated,2.054,0.8064,0,0.8906,0.1151
pilot,PENN23_y1999_s048_d0,A/Bangkok/P176/2025_H1N1,plate0_1-8-ATAACTGAGGGCATTG,0.009389,interpolated,0.009713,0.009713,interpolated,10,0.8564,0,0.9331,0.08721
pilot,PENN23_y1999_s048_d0,A/Bangkok/P176/2025_H1N1,plate0_1-8-AGATCCACCCTATAGT,0.003184,interpolated,0.003184,0.003184,interpolated,0.874,1,0,0.8758,0.1164
pilot,PENN23_y1999_s048_d0,A/Massachusetts/18/2022_H3N2,plate0_1-8-CATTTCTGATGAATTG,0.0009366,interpolated,0.0009366,0.0009366,interpolated,0.9421,1,0,0.9821,0.04432
pilot,PENN23_y1999_s048_d0,A/Massachusetts/18/2022_H3N2,plate0_1-8-TCCACACCCCTAGCTA,0.0007359,interpolated,0.0007918,0.0007918,interpolated,1.139,0.96,0,0.9469,0.07665
pilot,PENN23_y1999_s048_d0,A/Massachusetts/18/2022_H3N2,plate0_1-8-CGATCTTTACGAAAAA,0.0008965,interpolated,0.0009507,0.0009507,interpolated,1.125,0.968,0,0.8283,0.15
pilot,PENN23_y1999_s048_d0,A/Darwin/9/2021_H3N2,plate0_1-8-CAAAAGCAGCACGATA,0.0005194,interpolated,0.0005194,0.0005194,interpolated,0.8,1,0,0.8504,0.1146
pilot,PENN23_y1999_s048_d0,A/Darwin/9/2021_H3N2,plate0_1-8-AAAGTAGCAGAGGATT,0.001375,interpolated,0.001807,0.001807,interpolated,1.073,0.8729,0,0.8611,0.1201
pilot,PENN23_y1999_s048_d0,A/Darwin/9/2021_H3N2,plate0_1-8-CGTTAACGGCCTATCC,0.0003147,interpolated,0.001064,0.001064,interpolated,1.321,0.6,0,0.9458,0.05318
pilot,PENN23_y1999_s048_d0,A/Qinghai-Chengzhong/SWL1410/2024_H1N1,plate0_1-8-GCATGGAACTAACTCC,0.001266,interpolated,0.001266,0.001266,interpolated,1.34,1,0,0.9947,0.02808
pilot,PENN23_y1999_s048_d0,A/Zacapa/FLU-012/2025_H1N1,plate0_1-8-GTAGAACTGCGGCCCC,0.00214,interpolated,0.002147,0.002147,interpolated,1.572,0.9975,0,0.993,0.03316
pilot,PENN23_y1999_s048_d0,A/Zacapa/FLU-012/2025_H1N1,plate0_1-8-AGTTTTTATAACTTGC,0.002012,interpolated,0.002012,0.002012,interpolated,1.304,1,0,0.9695,0.06435
pilot,PENN23_y1999_s048_d0,A/Lisboa/188/2023_H1N1,plate0_1-8-AGCTCCTGGGGTATCA,0.001126,interpolated,0.001126,0.001126,interpolated,1.24,1,0,0.9612,0.07485
pilot,PENN23_y1999_s048_d0,A/Lisboa/188/2023_H1N1,plate0_1-8-ACCCCCGGAGCTTGGC,0.001323,interpolated,0.001323,0.001323,interpolated,1.309,1,0,0.9963,0.02313
pilot,PENN23_y1999_s048_d0,A/Wisconsin/NIRC-IS-1111/2025_H1N1,plate0_1-8-AGATCCCAGGTCCTTT,0.001293,interpolated,0.001293,0.001293,interpolated,1.276,1,0,0.9962,0.02307
pilot,PENN23_y1999_s048_d0,A/Wisconsin/NIRC-IS-1111/2025_H1N1,plate0_1-8-TTAATGTAGCCGCTCC,0.001405,interpolated,0.002135,0.002135,interpolated,2.131,0.705,0,0.9428,0.07268
pilot,PENN23_y1999_s048_d0,A/Victoria/3599/2024_H1N1,plate0_1-8-GTGCGATTGTCCGGAA,0.001843,interpolated,0.001872,0.001872,interpolated,1.411,0.9892,0,0.9802,0.05402
pilot,PENN23_y1999_s048_d0,A/Victoria/3599/2024_H1N1,plate0_1-8-ACAGTACGATCTACGC,0.001671,interpolated,0.001671,0.001671,interpolated,1.373,1,0,0.9688,0.07037
pilot,PENN23_y1999_s048_d0,A/KANAGAWA/AC2408/2025_H1N1,plate0_1-8-CCGGATAAATCAGAAC,0.003537,interpolated,0.003727,0.003727,interpolated,1.47,0.963,0,0.9685,0.06468
pilot,PENN23_y1999_s048_d0,A/KANAGAWA/AC2408/2025_H1N1,plate0_1-8-TCTAACTCTCGCGGCA,0.004609,interpolated,0.005402,0.005402,interpolated,1.268,0.9089,0,0.9421,0.07542
pilot,PENN23_y1999_s048_d0,A/Santiago/101713/2024_H1N1,plate0_1-8-CACTAGATGTACAGTC,0.001061,interpolated,0.001061,0.001061,interpolated,1.242,1,0,0.99,0.03734
pilot,PENN23_y1999_s048_d0,A/Santiago/101713/2024_H1N1,plate0_1-8-CACCAATCTTCGAACT,0.0007897,interpolated,0.0009136,0.0009136,interpolated,1.103,0.9258,0,0.9763,0.05014
pilot,PENN23_y1999_s048_d0,A/Qatar/83328/2024_H1N1,plate0_1-8-TGCTATTCCGGCGCGG,0.001531,interpolated,0.001566,0.001566,interpolated,1.484,0.9833,0,0.9809,0.0545
pilot,PENN23_y1999_s048_d0,A/Qatar/83328/2024_H1N1,plate0_1-8-CATTGAGACGCGCAAG,0.001124,interpolated,0.001124,0.001124,interpolated,1.248,1,0,0.9862,0.04469
pilot,PENN23_y1999_s048_d0,A/Pakistan/306/2024_H1N1,plate0_1-8-TGTTGAGCCAGTCTGA,0.003043,interpolated,0.003324,0.003324,interpolated,3.846,0.8562,0,0.9528,0.08312
pilot,PENN23_y1999_s048_d0,A/Pakistan/306/2024_H1N1,plate0_1-8-ATCAGGATAATCGCGC,0.002035,interpolated,0.002273,0.002273,interpolated,1.542,0.9215,0,0.9644,0.0705
pilot,PENN23_y1999_s048_d0,A/Singapore/MOH0547/2024_H1N1,plate0_1-8-CTTACAGAATACTAGA,0.002544,interpolated,0.002737,0.002737,interpolated,1.462,0.9493,0,0.9708,0.06342
pilot,PENN23_y1999_s048_d0,A/Singapore/MOH0547/2024_H1N1,plate0_1-8-GCCGGCGTTAGTGTCA,0.003221,interpolated,0.003336,0.003336,interpolated,2.524,0.9577,0,0.9655,0.07523
pilot,PENN23_y1999_s048_d0,A/Vermont/10/2025_H1N1,plate0_1-8-TCTTAGTCCTCGTATG,0.001214,interpolated,0.001214,0.001214,interpolated,1.207,1,0,0.9752,0.06004
pilot,PENN23_y1999_s048_d0,A/Vermont/10/2025_H1N1,plate0_1-8-CTCTTACGCTCCTACG,0.001167,interpolated,0.001322,0.001322,interpolated,1.196,0.9306,0,0.9474,0.08123
pilot,PENN23_y1999_s048_d0,A/Ulsan/492/2025_H1N1,plate0_1-8-TCGAGTTAATATGCGC,0.003909,interpolated,0.003966,0.003966,interpolated,2.542,0.9819,0,0.9936,0.03125
pilot,PENN23_y1999_s048_d0,A/Ulsan/492/2025_H1N1,plate0_1-8-TAACGTGATTTCTCGA,0.003849,interpolated,0.00455,0.00455,interpolated,2.124,0.8505,0,0.9356,0.08876
pilot,PENN23_y1999_s048_d0,A/Vermont/05/2025_H1N1,plate0_1-8-GTGCATCCTAGTGACG,0.001365,interpolated,0.001365,0.001365,interpolated,1.23,1,0,0.9319,0.1011
pilot,PENN23_y1999_s048_d0,A/Vermont/05/2025_H1N1,plate0_1-8-CGAAACACGTCCCAGT,0.001956,interpolated,0.001987,0.001987,interpolated,10,0.9283,0,0.9499,0.0951
pilot,PENN23_y1999_s048_d0,A/Utah/39/2025_H1N1,plate0_1-8-GTGGTATCAAGCCGGG,0.0007954,interpolated,0.0008535,0.0008535,interpolated,1.153,0.961,0,0.9681,0.06112
pilot,PENN23_y1999_s048_d0,A/Utah/39/2025_H1N1,plate0_1-8-AAGGTCCCTATGTAAT,0.001163,interpolated,0.001163,0.001163,interpolated,1.179,1,0,0.9708,0.06428
pilot,PENN23_y1999_s048_d0,A/Tambov/160-1V/2024_H1N1,plate0_1-8-TCTTTACCACTGCATC,0.001121,interpolated,0.001121,0.001121,interpolated,1.234,1,0,0.9816,0.05177
pilot,PENN23_y1999_s048_d0,A/Tambov/160-1V/2024_H1N1,plate0_1-8-GAGGGGATACGTCACC,0.0008084,interpolated,0.0008084,0.0008084,interpolated,1.386,1,0,0.9915,0.03536
pilot,PENN23_y1999_s048_d0,A/Oregon/11/2025_H1N1,plate0_1-8-GACCCCTTGTAAGATG,0.001328,interpolated,0.001328,0.001328,interpolated,1.144,1,0,0.9152,0.1092
pilot,PENN23_y1999_s048_d0,A/Oregon/11/2025_H1N1,plate0_1-8-CGTGACCCCCTCCAAC,0.001221,interpolated,0.001221,0.001221,interpolated,1.11,1,0,0.9801,0.05039
pilot,PENN23_y1999_s048_d0,A/Illinois/65/2024_H1N1,plate0_1-8-TATTAAGAGAAGTGCG,0.001401,interpolated,0.001401,0.001401,interpolated,1.404,1,0,0.9871,0.04468
pilot,PENN23_y1999_s048_d0,A/Illinois/65/2024_H1N1,plate0_1-8-TCGCTTCAACTAAAAA,0.00116,interpolated,0.00116,0.00116,interpolated,1.128,1,0,0.9885,0.03916
pilot,PENN23_y1999_s048_d0,A/Saint-Petersburg/RII-04/2025_H1N1,plate0_1-8-AGGACTATAGTTGGCA,0.001436,interpolated,0.001441,0.001441,interpolated,1.311,0.9977,0,0.9699,0.06702
pilot,PENN23_y1999_s048_d0,A/Saint-Petersburg/RII-04/2025_H1N1,plate0_1-8-TCTTGACATAGCGATG,0.001496,interpolated,0.001544,0.001544,interpolated,1.566,0.9759,0,0.9742,0.06371
pilot,PENN23_y1999_s048_d0,A/Wisconsin/30/2025_H1N1,plate0_1-8-ATTTAAATTCGAGGAC,0.001238,interpolated,0.001286,0.001286,interpolated,0.9886,0.9815,0,0.9585,0.07043
pilot,PENN23_y1999_s048_d0,A/Wisconsin/30/2025_H1N1,plate0_1-8-AATTGAACGTCATACC,0.0003259,interpolated,0.0008786,0.0008786,interpolated,1.623,0.6,0,0.5325,0.2104
pilot,PENN23_y1999_s048_d0,A/Ufa/CRIE/47/2024_H1N1,plate0_1-8-CGACTCCACGGACGCC,0.001278,interpolated,0.001341,0.001341,interpolated,1.401,0.9675,0,0.9836,0.04825
pilot,PENN23_y1999_s048_d0,A/Ufa/CRIE/47/2024_H1N1,plate0_1-8-GAAAGTCCCTATGATG,0.00111,interpolated,0.00111,0.00111,interpolated,1.167,1,0,0.9615,0.07465
pilot,PENN23_y1999_s048_d0,A/Tennessee/04/2025_H1N1,plate0_1-8-GACAAAAGGGACATAT,0.001636,interpolated,0.001636,0.001636,interpolated,1.149,1,0,0.9414,0.0926
pilot,PENN23_y1999_s048_d0,A/Tennessee/04/2025_H1N1,plate0_1-8-ACAGTCCACCATTGAG,0.001266,interpolated,0.001266,0.001266,interpolated,1.453,1,0,0.9981,0.0171
pilot,PENN23_y1999_s048_d0,A/NovaScotia/ET1801CP00018S/2025_H1N1,plate0_1-8-TGCAGTGGTATACATA,0.001607,interpolated,0.001607,0.001607,interpolated,1.102,1,0,0.9574,0.076
pilot,PENN23_y1999_s048_d0,A/NovaScotia/ET1801CP00018S/2025_H1N1,plate0_1-8-CTTACTGCGCGAGAGT,0.001627,interpolated,0.001627,0.001627,interpolated,0.9873,1,0,0.9083,0.1104
pilot,PENN23_y1999_s048_d0,A/Maryland/64/2024_H1N1,plate0_1-8-CTGGAGGCCTGGCCCC,0.001171,interpolated,0.001171,0.001171,interpolated,1.176,1,0,0.9849,0.0456
pilot,PENN23_y1999_s048_d0,A/Maryland/64/2024_H1N1,plate0_1-8-AGGTGGACGGGCATGG,0.002672,interpolated,0.003909,0.003909,interpolated,4.228,0.6,0,0.7837,0.1094
pilot,PENN23_y1999_s048_d0,A/Vladimir/RII-MH223382S/2024_H1N1,plate0_1-8-GATTCAGATGCCCACC,0.001112,interpolated,0.001361,0.001361,interpolated,1.323,0.8827,0,0.9593,0.06933
pilot,PENN23_y1999_s048_d0,A/Vladimir/RII-MH223382S/2024_H1N1,plate0_1-8-TTTATATCGAGATTCA,0.002639,interpolated,0.002752,0.002752,interpolated,3.314,0.9355,0,0.9583,0.08526
pilot,PENN23_y1999_s048_d0,A/Ohio/259/2024_H1N1,plate0_1-8-ACGTCCATTAAGATCA,0.002297,interpolated,0.002403,0.002403,interpolated,1.853,0.9599,0,0.9862,0.04618
pilot,PENN23_y1999_s048_d0,A/Ohio/259/2024_H1N1,plate0_1-8-CACGGCCGGCGAACTC,0.002175,interpolated,0.002303,0.002303,interpolated,1.421,0.9609,0,0.9897,0.03772
pilot,PENN23_y1999_s048_d0,A/Shanghai-Huangpu/SWL12109/2024_H1N1,plate0_1-8-GATCACGCAGAAAAAG,0.002416,interpolated,0.002781,0.002781,interpolated,1.161,0.9248,0,0.8658,0.1321
pilot,PENN23_y1999_s048_d0,A/Shanghai-Huangpu/SWL12109/2024_H1N1,plate0_1-8-ATACACGAGGTTGTGA,0.001321,interpolated,0.001321,0.001321,interpolated,1.617,1,0,0.9956,0.02676
pilot,PENN23_y1999_s048_d0,A/Minnesota/131/2024_H1N1,plate0_1-8-CCAAGCTTGGCGCATC,0.001506,interpolated,0.001506,0.001506,interpolated,1.284,1,0,0.9432,0.09447
pilot,PENN23_y1999_s048_d0,A/Minnesota/131/2024_H1N1,plate0_1-8-TACAAGAGAGGGGTCC,0.002399,interpolated,0.003077,0.003077,interpolated,2.21,0.7886,0,0.926,0.0923
pilot,PENN23_y1999_s048_d0,A/Hawaii/ISC-1140/2025_H1N1,plate0_1-8-GCGAAGTTTCATAGCG,0.002619,interpolated,0.002917,0.002917,interpolated,2.85,0.8677,0,0.9592,0.07769
pilot,PENN23_y1999_s048_d0,A/Hawaii/ISC-1140/2025_H1N1,plate0_1-8-CACGGGCTAATGTCTC,0.001297,interpolated,0.001607,0.001607,interpolated,1.196,0.887,0,0.9778,0.04949
pilot,PENN23_y1999_s048_d0,A/Uganda/UVRI_KIS6850_2024_H1N1,plate0_1-8-AGGTTCAGACTCTTGC,0.001618,interpolated,0.001704,0.001704,interpolated,1.099,0.9722,0,0.8794,0.1306
pilot,PENN23_y1999_s048_d0,A/Uganda/UVRI_KIS6850_2024_H1N1,plate0_1-8-AATTCGTGAGTACTAG,0.00171,interpolated,0.001819,0.001819,interpolated,1.472,0.9564,0,0.9826,0.04939
pilot,PENN23_y1999_s048_d0,A/HongKong/2671/2019_H3N2,plate0_1-8-CGAAAACATTACAAAT,0.0006209,interpolated,0.0006876,0.0006876,interpolated,10,0.6803,0,0.865,0.1284
pilot,PENN23_y1999_s048_d0,A/HongKong/2671/2019_H3N2,plate0_1-8-CGGGAATCTCCCATAC,0.0001862,interpolated,0.0001862,0.0001862,interpolated,1.813,1,0,0.9937,0.02412
pilot,PENN23_y1999_s048_d0,A/HongKong/2671/2019_H3N2,plate0_1-8-TTCATCAAGTTGGTGC,0.000216,interpolated,0.000216,0.000216,interpolated,2.331,1,0,0.9906,0.03386
pilot,PENN23_y1999_s048_d0,A/Singapore/INFIMH-16-0019/2016_H3N2,plate0_1-8-CGTACAGTGTAATCGA,0.003148,interpolated,0.00325,0.00325,interpolated,1.328,0.9793,0,0.8927,0.127
pilot,PENN23_y1999_s048_d0,A/Singapore/INFIMH-16-0019/2016_H3N2,plate0_1-8-TACCAATGTCATTTGA,0.00182,interpolated,0.002022,0.002022,interpolated,1.403,0.9313,0,0.912,0.1109
pilot,PENN23_y1999_s048_d0,A/Singapore/INFIMH-16-0019/2016_H3N2,plate0_1-8-TACTAGCAATAAAATC,0.001767,interpolated,0.00191,0.00191,interpolated,1.371,0.9495,0,0.8909,0.1285
pilot,PENN23_y1999_s048_d0,A/Oregon/261/2024_H1N1,plate0_1-8-TCGAACGAAGTAGGAG,0.002291,interpolated,0.002291,0.002291,interpolated,1.544,1,0,0.9905,0.03886
pilot,PENN23_y1999_s048_d0,A/Oregon/261/2024_H1N1,plate0_1-8-CTCAAATAATTGGCGC,0.001892,interpolated,0.00217,0.00217,interpolated,1.419,0.9116,0,0.9396,0.08967
pilot,PENN23_y1999_s048_d0,A/Madagascar/00003/2025_H1N1,plate0_1-8-TAGCTGATAGTAACTC,0.001113,interpolated,0.001113,0.001113,interpolated,1.533,1,0,0.9935,0.03243
pilot,PENN23_y1999_s048_d0,A/Madagascar/00003/2025_H1N1,plate0_1-8-GAGCTTGCTATGGATC,0.001007,interpolated,0.001007,0.001007,interpolated,1.063,1,0,0.9052,0.1171
pilot,PENN23_y1999_s048_d0,A/Busan/277/2025_H1N1,plate0_1-8-ATGGTTTTACGTCCAT,0.004997,interpolated,0.005273,0.005273,interpolated,3.665,0.9106,0,0.9584,0.0773
pilot,PENN23_y1999_s048_d0,A/Busan/277/2025_H1N1,plate0_1-8-AACACGTAGAACCGCC,0.002562,interpolated,0.00259,0.00259,interpolated,1.276,0.9929,0,0.9895,0.03757
pilot,PENN23_y1999_s048_d0,A/TOKYO/EIS11-277/2024_H1N1,plate0_1-8-TGTCCGGATAAAGTAG,0.001246,interpolated,0.001246,0.001246,interpolated,1.041,1,0,0.9752,0.05556
pilot,PENN23_y1999_s048_d0,A/TOKYO/EIS11-277/2024_H1N1,plate0_1-8-TGCGGTGGTCGATCCG,0.001356,interpolated,0.001356,0.001356,interpolated,1.096,1,0,0.9713,0.06261
pilot,PENN23_y1999_s048_d0,A/Brisbane/02/2018_H1N1,plate0_1-8-TTGGGCACTAAATTAA,0.0003099,interpolated,0.0003099,0.0003099,interpolated,2.163,1,0,0.9977,0.01759
pilot,PENN23_y1999_s048_d0,A/Brisbane/02/2018_H1N1,plate0_1-8-ATCCGATTTAAAGGCA,0.0003142,interpolated,0.0003142,0.0003142,interpolated,2.947,1,0,0.9976,0.01879
pilot,PENN23_y1999_s048_d0,A/Brisbane/02/2018_H1N1,plate0_1-8-TAATAAGCCAGCAAGA,0.0003246,interpolated,0.0003246,0.0003246,interpolated,3.254,1,0,0.9985,0.01515
pilot,PENN23_y1999_s048_d0,A/HongKong/4801/2014_H3N2,plate0_1-8-TCTTAGAGTGAACGAT,0.001535,interpolated,0.00159,0.00159,interpolated,1.058,0.982,0,0.9439,0.0836
pilot,PENN23_y1999_s048_d0,A/HongKong/4801/2014_H3N2,plate0_1-8-AAGTATTGCTACACAT,0.001796,interpolated,0.002015,0.002015,interpolated,1.901,0.9015,0,0.9719,0.06287
pilot,PENN23_y1999_s048_d0,A/HongKong/4801/2014_H3N2,plate0_1-8-ATTTTTCTATGGCTAC,0.00104,interpolated,0.00104,0.00104,interpolated,1.213,1,0,0.976,0.05839
pilot,PENN23_y1999_s048_d0,A/Texas/50/2012X-223A_H3N2,plate0_1-8-TCCCCGTGGTTTGACA,0.0003219,interpolated,0.0003219,0.0003219,interpolated,10,1,0,1,0.001848
pilot,PENN23_y1999_s048_d0,A/Texas/50/2012X-223A_H3N2,plate0_1-8-ACGCAAATAGACCGAA,0.0001378,interpolated,0.0001378,0.0001378,interpolated,5.26,1,0,0.904,0.1005
pilot,PENN23_y1999_s048_d0,A/Texas/50/2012X-223A_H3N2,plate0_1-8-ATAGAAAATTATCCGC,0.0001437,interpolated,0.0002107,0.0002107,interpolated,4.204,0.6,0,0.9957,0.01405
pilot,PENN23_y1999_s048_d0,A/HongKong/4801/2014egg_H3N2,plate0_1-8-ATTTACTCATTATACG,0.000147,interpolated,0.000147,0.000147,interpolated,2.67,1,0,0.937,0.07869
pilot,PENN23_y1999_s048_d0,A/HongKong/4801/2014egg_H3N2,plate0_1-8-CACAGACAATAAAAAA,0.0002294,interpolated,0.0002366,0.0002366,interpolated,2.69,0.9605,0,0.9986,0.01251
pilot,PENN23_y1999_s048_d0,A/HongKong/4801/2014egg_H3N2,plate0_1-8-GGTTAACTTTGGAAGC,0.0002364,interpolated,0.0002364,0.0002364,interpolated,2.181,1,0,0.9885,0.03781
pilot,PENN23_y1999_s048_d0,A/Kansas/14/2017_H3N2,plate0_1-8-TATACTCACGGAGGAT,0.007043,interpolated,0.008148,0.008148,interpolated,10,0.6163,0,0.7124,0.1763
pilot,PENN23_y1999_s048_d0,A/Kansas/14/2017_H3N2,plate0_1-8-AACCACCCCAGAGATG,0.002,interpolated,0.002013,0.002013,interpolated,10,0.9672,0,0.9965,0.02624
pilot,PENN23_y1999_s048_d0,A/Kansas/14/2017_H3N2,plate0_1-8-GCAACGAGGTGTAACC,0.0007321,interpolated,0.001058,0.001058,interpolated,2.157,0.726,0,0.871,0.1131
pilot,PENN23_y1999_s048_d0,A/Queensland/IN000684/2024_H1N1,plate0_1-8-GCAACAGTCCTAGCAA,0.001763,interpolated,0.002426,0.002426,interpolated,1.493,0.8106,0,0.8963,0.1076
pilot,PENN23_y1999_s048_d0,A/Queensland/IN000684/2024_H1N1,plate0_1-8-AAATGTTTAATAGACG,0.001048,interpolated,0.001135,0.001135,interpolated,1.186,0.9552,0,0.9415,0.08708
pilot,PENN23_y1999_s048_d0,A/Singapore/INFIMH-16-0019/2016X-307A_H3N2,plate0_1-8-AAAGACCTTTAACTCT,0.0002053,interpolated,0.0002053,0.0002053,interpolated,1.427,1,0,0.8225,0.1429
pilot,PENN23_y1999_s048_d0,A/Singapore/INFIMH-16-0019/2016X-307A_H3N2,plate0_1-8-CAGATAGTGATGAACA,7.343e-05,upper,0.0001013,0.0001013,interpolated,0.9239,0.6,0,0.8717,0.046
pilot,PENN23_y1999_s048_d0,A/Singapore/INFIMH-16-0019/2016X-307A_H3N2,plate0_1-8-GTAATTCGCATGCGGA,7.343e-05,upper,4.246e-05,7.343e-05,upper,0.8,0.6,0,0.8425,0.03132
pilot,PENN23_y1999_s048_d0,A/Cambodia/e0826360/2020egg_H3N2,plate0_1-8-AAATTCACAATATCCA,0.0003583,interpolated,0.0003791,0.0003791,interpolated,10,0.7848,0,0.8946,0.1111
pilot,PENN23_y1999_s048_d0,A/Cambodia/e0826360/2020egg_H3N2,plate0_1-8-ATAACGTTTGTGCAAA,0.0003234,interpolated,0.0003234,0.0003234,interpolated,6.894,1,0,0.9832,0.05285
pilot,PENN23_y1999_s048_d0,A/Cambodia/e0826360/2020egg_H3N2,plate0_1-8-TGTTGTAATCTGAATA,0.0002206,interpolated,0.0002206,0.0002206,interpolated,1.981,1,0,0.9787,0.04758
pilot,PENN23_y1999_s048_d0,A/Texas/50/2012_H3N2,plate0_1-8-AACCGTACCGCGTTTA,0.0003123,interpolated,0.0003123,0.0003123,interpolated,10,1,0,0.9997,0.007574
pilot,PENN23_y1999_s048_d0,A/Texas/50/2012_H3N2,plate0_1-8-AGTTCCATAGGCATGG,0.0001164,interpolated,0.0001164,0.0001164,interpolated,1.89,1,0,0.9793,0.03422
pilot,PENN23_y1999_s048_d0,A/Texas/50/2012_H3N2,plate0_1-8-TGAGTTCATAGCTCCA,0.0001457,interpolated,0.0001457,0.0001457,interpolated,3.567,1,0,0.9401,0.07955
pilot,PENN23_y1999_s048_d0,A/Victoria/4897/2022_IVR-238_H1N1,plate0_1-8-AAGTTAAGAGAAAGTT,0.0007641,interpolated,0.0007641,0.0007641,interpolated,1.861,1,0,0.9845,0.05204
pilot,PENN23_y1999_s048_d0,A/Victoria/4897/2022_IVR-238_H1N1,plate0_1-8-AGAGCTAAAAAGAGGA,0.0007769,interpolated,0.0008589,0.0008589,interpolated,3.33,0.8579,0,0.959,0.07902
pilot,PENN23_y1999_s048_d0,A/Michigan/45/2015_H1N1,plate0_1-8-ACAAAGTCTCGAGAAG,0.0005392,interpolated,0.0006423,0.0006423,interpolated,6.299,0.6661,0,0.9557,0.06666
pilot,PENN23_y1999_s048_d0,A/Michigan/45/2015_H1N1,plate0_1-8-CACCTAGGATCGCACT,0.0002958,interpolated,0.0003153,0.0003153,interpolated,4.382,0.878,0,0.9995,0.007619
pilot,PENN23_y1999_s048_d0,A/Michigan/45/2015_H1N1,plate0_1-8-TTGAAAAAATCATAAA,0.0002605,interpolated,0.0003558,0.0003558,interpolated,3.827,0.6515,0,0.9996,0.00512
pilot,PENN23_y1999_s048_d0,A/Switzerland/9715293/2013_H3N2,plate0_1-8-AGCTGAATTAAGTATG,0.001428,interpolated,0.001526,0.001526,interpolated,1.881,0.9414,0,0.9578,0.08073
pilot,PENN23_y1999_s048_d0,A/Switzerland/9715293/2013_H3N2,plate0_1-8-TCGATTACTAGCCGGA,0.0005591,interpolated,0.0005591,0.0005591,interpolated,0.8,1,0,0.9267,0.08245
pilot,PENN23_y1999_s048_d0,A/Hawaii/70/2019_H1N1,plate0_1-8-AGTAAACATGCATTGG,0.0002921,interpolated,0.0002921,0.0002921,interpolated,1.355,1,0,0.9614,0.06566
pilot,PENN23_y1999_s048_d0,A/Hawaii/70/2019_H1N1,plate0_1-8-ATAGAATCGCAAATTA,0.0002436,interpolated,0.0002436,0.0002436,interpolated,1.431,1,0,0.965,0.06014
pilot,PENN23_y1999_s048_d0,A/Hawaii/70/2019_H1N1,plate0_1-8-TGGAATCGTCACCGAT,0.0006034,interpolated,0.0007727,0.0007727,interpolated,3.139,0.7301,0,0.9905,0.0314
pilot,PENN23_y1999_s048_d0,A/Wisconsin/588/2019_H1N1,plate0_1-8-AGTCCTATCCTCAAAT,0.0003574,interpolated,0.0003574,0.0003574,interpolated,1.212,1,0,0.9611,0.06653
pilot,PENN23_y1999_s048_d0,A/Wisconsin/588/2019_H1N1,plate0_1-8-GAAGAAACTATAACCA,0.0006507,interpolated,0.0006507,0.0006507,interpolated,2.269,1,0,0.99,0.04128
pilot,PENN23_y1999_s048_d0,A/Wisconsin/588/2019_H1N1,plate0_1-8-TATATTAGTAACATAA,0.0008957,interpolated,0.0009521,0.0009521,interpolated,1.274,0.9626,0,0.9823,0.04838
pilot,PENN23_y1999_s048_d0,A/Switzerland/9715293/2013NIB-88_H3N2,plate0_1-8-ATAGGATATATGGCTG,0.001092,interpolated,0.001117,0.001117,interpolated,2.364,0.9732,0,0.9925,0.03671
pilot,PENN23_y1999_s048_d0,A/Switzerland/9715293/2013NIB-88_H3N2,plate0_1-8-CCCTCCTCAAGGGTAA,0.0007375,interpolated,0.0007935,0.0007935,interpolated,10,0.7402,0,0.8986,0.1145
pilot,PENN23_y1999_s048_d0,A/Switzerland/9715293/2013NIB-88_H3N2,plate0_1-8-CGGGAAATGTAAATGA,0.0006719,interpolated,0.000704,0.000704,interpolated,1.554,0.965,0,0.9951,0.02623
pilot,PENN23_y1999_s048_d0,A/California/07/2009_H1N1,plate0_1-8-CCTTTCTCAAAACATA,7.343e-05,upper,0.0001676,0.0001676,interpolated,1.067,0.6,0,0.8953,0.04914
pilot,PENN23_y1999_s048_d0,A/California/07/2009_H1N1,plate0_1-8-GACACAGAACCCATGC,0.0002041,interpolated,0.0002041,0.0002041,interpolated,1.626,1,0,0.8952,0.1083
pilot,PENN23_y1999_s048_d0,A/HongKong/45/2019_H3N2,plate0_1-8-CGGGGACAAGATTGTA,0.001734,interpolated,0.001766,0.001766,interpolated,7.852,0.9321,0,0.981,0.05937
pilot,PENN23_y1999_s048_d0,A/HongKong/45/2019_H3N2,plate0_1-8-TAAAAAGCCTCCATGA,0.002268,interpolated,0.002268,0.002268,interpolated,1.431,1,0,0.8298,0.1763
pilot,PENN23_y1999_s048_d0,A/HongKong/45/2019_H3N2,plate0_1-8-TATCCAAGGGACGGAC,0.001031,interpolated,0.001097,0.001097,interpolated,1.154,0.9654,0,0.9032,0.1127
