barcode,count
TTGGGGAACGGGAAGC,39744
GTACAAACCTGCAAAT,34625
CAATTAGAAATACATA,33794
CGTGTACCCTTCAGCA,32804
AAAAAATTTATGACAA,31130
AACCACCGAGTGACCG,28552
CTATATTGCCCGGAAG,24977
TCATGGGTGTACGAGA,24273
GAGGGGTAGAGATACG,24236
TACCCTGCAAGCCACT,24128
AGCATAGGGATATGTG,22717
TTTATATCCAACACCA,20606
CTGAACTTATCTGTGG,20381
TATGTCGTATCCACAG,18433
TTATCTGTAGAGCGCT,18371
TTACGAATTTGATTCC,17450
AACGACAAACAGTAAG,17332
ATTCCGAATGGGGTAG,17301
CGGACCCTAGATGGTA,17246
CAAATGCTGCATTAGG,17237
ACTGTCTAGAAATTTT,16902
AGCATCTAACAGATAG,16891
ATTATCATATCTAATA,16520
TCCAGCGCGGTAAGAG,15879
ACCAGCAATGAGTTGT,15227
CCCTGCGCGGCTCGGG,15074
AGAAAATCTCAGATAC,14665
ACAATCTGAACCATAC,14619
CCTTGATGCATTCCCG,14338
ACGTGTCTCCGAGCAA,14236
AAGCGGTGATGTGATT,13902
CAGAACCTCGTTGTCT,13527
AACAGAAGTCCATGTA,13484
CTTAGGTATTATATGC,13476
CATACAGAGTTTGTTG,13071
GATCTTGGGGAGAGTC,12316
ACCGAATGAATCATCC,12246
AACGGTTCCGACTAAG,12105
GAATAATAGAACAGAG,12073
AGTGTTGAATAGGCGA,11972
AGTCGTTTAGATAGTT,11917
CTAATTTAAGTATCAA,11841
CTATTTAACAGACGTA,11526
ACGTATGATTTTCGAG,11368
AAACCCATAAGACCCC,11343
AGGAGTATGAAGAGCG,11170
CCCTATGAAATAAGCT,11129
CTGAGCTGCCAATAAG,10900
CGGGAACATACATAAC,10898
GAGAGCTGCAGAAGCG,10602
TAGCATTGTCGGAAAG,10203
CTAGCACAGCGTAGGC,10143
GCCAGCTCGTATCCCT,10055
ATGGGATTGGAGAAAC,9898
GATCGCCATCGACTTC,9876
ATTAGGGCTACGTGAG,9794
CTGAGGGATTCAACTC,9668
TCGATTACTAGCCGGA,9549
AGTTGGGGTCTCCCTT,9387
CATGGGAATTGCCACT,9378
CGTACAGTGTAATCGA,9367
GTAAGCAAAGTTGACC,9362
TCGTCGCACTACTGCT,9359
AATCGCTGGCACCCGT,9343
TACTAATGCCGTTGTC,9240
CTTTAAATTATAGTCT,9220
TCTTATTAGGCGGCAT,9188
GAAGTGCGTATTGAGT,9110
GAAGAAACTATAACCA,9038
CAGGCTCTAGAGCTCT,9002
CTTCGGCTCTTGATTA,8914
AACTTCCCTGACTGCT,8664
CCAACACAAAAAATTA,8612
TTGCTCCTGAGTAGTA,8359
AATGAAACAATCGAAC,8326
CGCGACACCCTTCCGG,8031
AGGCCCGTAAGGACTA,7956
TACTGATAACCCTGCG,7923
TTTCAGCGTTGTTTTG,7819
CACCATCAGCACCTAG,7751
TAAAAAGCCTCCATGA,7744
GAAGTACGCTGAATGA,7740
TCGTCCGTTGGGAACT,7738
GTGAGCGAGAAAAGCA,7684
CCTGGGTTAAGTTGTG,7649
CGTTCAGCGATAACGG,7616
AAGAAGCTATAGAAGT,7336
AAGAAGACTTTGTGAT,7206
AAGGGGCCTCATAATG,7186
TTGTATCAGTCGCGCC,7155
CTATCTTAATCTACAG,7009
GACGGGATGGGCACGT,6935
GTGGTATCAAGCCGGG,6762
TGATCTTTTACATTTA,6628
TTCTGTCCAGACTCGT,6594
ACTCTGGCTCGCTAAT,6579
GCAAACAGTGTAGTTG,6579
CGCACTTTACGAGACA,6530
ACTACGAGGCTACGTA,6392
CGGTCGGGACTCATCT,6369
AGCCCATGCTGGGGAT,6344
GTCAAGTTACGGATGG,6333
TGTAATAGGCGTCACA,6287
AAGTTAGTAGACCCAC,6250
ACGGGGATTGGCTGTT,6218
TTTCGTGATACTCACA,6208
GTAGAACTGCGGCCCC,6092
ATTAGATTATAACGTA,6084
CATTTCTGATGAATTG,6075
TGCTATTCCGGCGCGG,6004
TTTCACAGAACCTATC,5935
CGGGAAATGTAAATGA,5913
TCTTAGTCCTCGTATG,5885
GCATGGAACTAACTCC,5882
AGGAAAGAAACTGGAG,5837
CTGTACCTGCAGTTGA,5746
AACCTACGAGACGTAA,5745
ATATAAAAAACTTAGT,5732
GTACCCAGTTCCTGCG,5712
TAACGTGATTTCTCGA,5630
GCATCCTCAACTCCTA,5500
TGTGGAGCGCCCTTAC,5475
GTTATTATGACTTCAT,5431
AACTGCGTTCATCGAT,5413
AAGTATTGCTACACAT,5384
ACATTTTCCAATAGGT,5321
AGTGTTGGCTTGGTTA,5300
CATGTGGAGCCCAACA,5220
CGGCCAGGGAATCAAA,5217
AGCTGAATTAAGTATG,5174
CCAAGCTTGGCGCATC,5135
GTGCGATTGTCCGGAA,4833
AAGATTGATTGAAGTT,4802
ATACACGCATGTGCCA,4797
ACAAGATTCGGGGGAC,4786
CTTTTCTAGTACGCTT,4786
TACCTGCTGCGGAACG,4740
CATAAAAGACTGTATA,4714
GTAGATACTAGGACCA,4712
CAAAATCTACGGCGAC,4576
ATTTTTCTATGGCTAC,4572
GCAACGAGGTGTAACC,4493
GTCGCATCCTGGAATG,4461
AGATCCCAGGTCCTTT,4451
CTATAAACCGTTTGTA,4442
TACCAATGTCATTTGA,4436
AGGACTATAGTTGGCA,4392
CCCCTCCTCTAAAGTT,4356
TGACAACAATACAAAT,4329
TGCAGTGGTATACATA,4280
TTGACTCACCGAATAA,4278
TTGCAATTGAAACATA,4258
ACCGTTGTACACACCA,4239
AGTATTTGCGCTTCAA,4215
TCTTGACATAGCGATG,4196
ATGGCCCACGGGCATA,4168
GCCATTTACTGAAGGG,4050
AAAGCTCTTTTCGTTC,3921
ACACGGGTTGGCTGTA,3858
GAAAGCCCCGTGCAAT,3843
GAAAGTCCCTATGATG,3812
CGCAGCATTGGTCGCC,3758
TGTTGAGCCAGTCTGA,3747
CTGAACTTGTCGATAT,3692
TATTAAGAGAAGTGCG,3601
TCGAACGAAGTAGGAG,3458
CTCAATGTCGTAGGAT,3426
TCTAACTCTCGCGGCA,3401
ATACACGAGGTTGTGA,3399
CCCTTTACGGATCTCT,3379
GTAAGCTTCATGGAGT,3370
ATTTAAATTCGAGGAC,3307
GAAGTGCTGCTGAAGT,3209
TCTTAGAGTGAACGAT,3209
GCCTTTGCGCGCAGTC,3172
ACGTCCATTAAGATCA,3151
AGCTCCTGGGGTATCA,3135
CTTACAGAATACTAGA,3112
GTTGCTCCGACACGCC,3093
TTCATCAAGTTGGTGC,3067
GACCCCTTGTAAGATG,3023
TCTGGAAACGATCCCC,3018
ATAGGATATATGGCTG,2999
TGCGGTGGTCGATCCG,2987
AATTCGTGAGTACTAG,2855
TATCCAAGGGACGGAC,2847
TACTAGCAATAAAATC,2844
CTGGAGGCCTGGCCCC,2843
TCTTTACCACTGCATC,2771
AGTAAACATGCATTGG,2760
GATCACGCAGAAAAAG,2753
TGGTCCGCTTCATGCT,2740
AAGGTCCCTATGTAAT,2725
CATTGAGACGCGCAAG,2709
GACAAAAGGGACATAT,2657
TCAATCGGGGGCTAAA,2622
TACATACCGACGCAGT,2588
TGGAATCGTCACCGAT,2586
ACAGTCCACCATTGAG,2575
ACCCCCGGAGCTTGGC,2545
CCGGATAAATCAGAAC,2497
GCGAAGTTTCATAGCG,2490
CGAACCGCAGACACGT,2470
AACACGTAGAACCGCC,2469
ACAGTACGATCTACGC,2414
ATAACGTTTGTGCAAA,2336
CACTAGATGTACAGTC,2336
GTCGCCGCTAATCCGA,2296
AACTTCCGTCGCCTGA,2255
AGGTTCAGACTCTTGC,2203
ATAACTGAGGGCATTG,2152
TTGAAAAAATCATAAA,2065
ACCGATTCACGAATAA,2021
CGGGGACAAGATTGTA,1970
GAGGGGATACGTCACC,1965
CACCGCGCCGAGCACC,1959
CTCAAATAATTGGCGC,1946
CGTGACCCCCTCCAAC,1922
TCGCTTCAACTAAAAA,1919
GGTTAACTTTGGAAGC,1914
TATATTAGTAACATAA,1895
GAGCTTGCTATGGATC,1871
TCCACACCCCTAGCTA,1866
CGAAACACGTCCCAGT,1864
TATTCCTAACTAGCGA,1825
TGATCTGTGACATTGC,1740
TAGCTGATAGTAACTC,1626
CACGGGCTAATGTCTC,1623
AATGCGAGCATGTCAA,1615
TCACGACTCGACTAAC,1573
GAAATCCCCAAATAAC,1566
TTTATATCGAGATTCA,1532
ATCAGGATAATCGCGC,1514
AGCGACATCGCCCTTT,1488
CAATTCGCCGTTCCCC,1466
GTAATTCGCATGCGGA,1432
AGTTCCATAGGCATGG,1419
CGTTTTTGGTTCGAGG,1366
CGTTAACGGCCTATCC,1360
CGACTCCACGGACGCC,1355
AAGCCCAGCGGGTGAT,1349
TGTCCGGATAAAGTAG,1345
CACGGCCGGCGAACTC,1318
CGTACGTATGTCCCAG,1227
TGAGTTCATAGCTCCA,1216
ATAGAATCGCAAATTA,1194
AAAGGCGCGCCTTCAA,1120
TCGAGTTAATATGCGC,1103
ATGGTTTTACGTCCAT,1077
GCCGCTGCGGCGTGTG,1072
CGATCTTTACGAAAAA,1010
TAATAAGCCAGCAAGA,1007
GCCGGCGTTAGTGTCA,999
CGGGAATCTCCCATAC,991
ATTTACTCATTATACG,988
GTGCATCCTAGTGACG,963
GATCGCCACTGATAAG,939
AACCGTACCGCGTTTA,927
GCAGCGTGCCGGTCAT,917
CCCCCGCTGTTTAAAA,902
AGATCCACCCTATAGT,900
AGACCGCCAGTTTCGT,888
AACCACCCCAGAGATG,841
AGTTTTTATAACTTGC,835
CCGCGCACGTTTAGAG,835
CAGATAGTGATGAACA,824
TGTTGTAATCTGAATA,816
CAAAAGCAGCACGATA,803
CACCAATCTTCGAACT,781
AGACCATCGCACCCAA,770
CTTACTGCGCGAGAGT,735
AAATTCACAATATCCA,701
CTCCTAGGGGACGATT,688
AAAGACCTTTAACTCT,657
CCGCATTAGCGGGAGG,640
CGAAAACATTACAAAT,630
GTCCGTCAGCATAAAC,621
TTAATGTAGCCGCTCC,612
TCTCAGCTCTTAGCCG,602
AAAGTAGCAGAGGATT,574
TTGGGCACTAAATTAA,543
ACAAAGTCTCGAGAAG,454
GATTCAGATGCCCACC,453
ATCCGATTTAAAGGCA,421
TACAAGAGAGGGGTCC,390
AGTCCTATCCTCAAAT,386
CACCTAGGATCGCACT,386
CACAGACAATAAAAAA,313
ACGCAAATAGACCGAA,226
CTCTTACGCTCCTACG,207
AAGTTAAGAGAAAGTT,107
CCTTTCTCAAAACATA,83
AGAGCTAAAAAGAGGA,60
ATAGAAAATTATCCGC,12
TCCCCGTGGTTTGACA,4
