group,serum,virus,replicate,titer,titer_bound,titer_as,nt50,midpoint,top,bottom,slope
NIID,NIID_21,A/Utah/87/2024_H3N2,plate17-ATTCCGAATGGGGTAG,40,upper,midpoint,40,40,0.8755,0,0.8
NIID,NIID_21,A/Netherlands/01502/2025_H3N2,plate17-GAGGGGTAGAGATACG,50.89,interpolated,midpoint,50.89,50.89,1,0,0.8
NIID,NIID_21,A/Netherlands/01502/2025_H3N2,plate17-TTCTGTCCAGACTCGT,106.4,interpolated,midpoint,110.7,106.4,0.9845,0,0.8
NIID,NIID_21,A/Ecuador/1385/2024_H3N2,plate17-AGTGTTGAATAGGCGA,40,upper,midpoint,40,40,0.972,0,0.8
NIID,NIID_21,A/Ecuador/1385/2024_H3N2,plate17-CGGACCCTAGATGGTA,40,upper,midpoint,40,40,1,0,1.636
NIID,NIID_21,A/Colombia/7681/2024_H3N2,plate17-CCCTATGAAATAAGCT,40,upper,midpoint,40,40,1,0,0.8
NIID,NIID_21,A/Colombia/7681/2024_H3N2,plate17-GATCGCCACTGATAAG,102.9,interpolated,midpoint,102.9,102.9,1,0,1.152
NIID,NIID_21,A/Michigan/UM-10062100736/2025_H3N2,plate17-ACCAGCAATGAGTTGT,71.47,interpolated,midpoint,71.47,71.47,1,0,0.8977
NIID,NIID_21,A/Michigan/UM-10062100736/2025_H3N2,plate17-GTCCGTCAGCATAAAC,111.3,interpolated,midpoint,441.7,111.3,0.6,0,1.168
NIID,NIID_21,A/Florida/ISC-1241/2025_H3N2,plate17-TTGGGGAACGGGAAGC,102.8,interpolated,midpoint,102.8,102.8,1,0,1.331
NIID,NIID_21,A/Washington/284/2024_H3N2,plate17-AACGGTTCCGACTAAG,40,upper,midpoint,40,40,0.95,0,0.8
NIID,NIID_21,A/Washington/284/2024_H3N2,plate17-CCCCCGCTGTTTAAAA,111.7,interpolated,midpoint,127.8,111.7,0.9491,0,0.8
NIID,NIID_21,A/Mato_Grosso_do_Sul/518/2025_H3N2,plate17-TTTATATCCAACACCA,58.59,interpolated,midpoint,58.59,58.59,1,0,0.8
NIID,NIID_21,A/Mato_Grosso_do_Sul/518/2025_H3N2,plate17-GCCATTTACTGAAGGG,100.9,interpolated,midpoint,100.9,100.9,1,0,0.8
NIID,NIID_21,A/Victoria/3482/2024_H3N2,plate17-AAGCGGTGATGTGATT,40,upper,midpoint,40,40,1,0,1.556
NIID,NIID_21,A/Victoria/3482/2024_H3N2,plate17-CACCGCGCCGAGCACC,43.63,interpolated,midpoint,43.7,43.63,0.9922,0,10
NIID,NIID_21,A/France/PAC-RELAB-HCL024172122101/2024_H3N2,plate17-ACTGTCTAGAAATTTT,111.9,interpolated,midpoint,111.9,111.9,1,0,1.168
NIID,NIID_21,A/Amapa/021563-IEC/2024_H3N2,plate17-AGTTGGGGTCTCCCTT,65.04,interpolated,midpoint,65.04,65.04,1,0,0.8773
NIID,NIID_21,A/Amapa/021563-IEC/2024_H3N2,plate17-TTGTATCAGTCGCGCC,105.6,interpolated,midpoint,105.6,105.6,1,0,1.394
NIID,NIID_21,A/India/Pune-NIV24_3439/2024_H3N2,plate17-ATTATCATATCTAATA,116,interpolated,midpoint,116,116,1,0,0.9464
NIID,NIID_21,A/India/Pune-NIV24_3439/2024_H3N2,plate17-AGCCCATGCTGGGGAT,55.7,interpolated,midpoint,65.87,55.7,0.845,0,2.213
NIID,NIID_21,A/Maldives/2147/2024_H3N2,plate17-GAAGTACGCTGAATGA,40,upper,midpoint,40,40,1,0,0.8
NIID,NIID_21,A/Maldives/2147/2024_H3N2,plate17-CCGCGCACGTTTAGAG,40,upper,midpoint,40,40,0.9855,0,0.8
NIID,NIID_21,A/Indiana/46/2024_H3N2,plate17-TTGCTCCTGAGTAGTA,40,upper,midpoint,40,40,0.9168,0,0.9719
NIID,NIID_21,A/Indiana/46/2024_H3N2,plate17-AAGAAGACTTTGTGAT,40,upper,midpoint,40,40,1,0,0.8735
NIID,NIID_21,A/Sao_Paulo/358026766-IAL/2024_H3N2,plate17-AGCATAGGGATATGTG,94.65,interpolated,midpoint,96.53,94.65,0.9855,0,1.495
NIID,NIID_21,A/Sao_Paulo/358026766-IAL/2024_H3N2,plate17-TATTCCTAACTAGCGA,222.5,interpolated,midpoint,231.1,222.5,0.9697,0,1.661
NIID,NIID_21,A/New_York/GKISBBBE61555/2025_H3N2,plate17-AACAGAAGTCCATGTA,118.3,interpolated,midpoint,118.3,118.3,1,0,1.074
NIID,NIID_21,A/New_York/GKISBBBE61555/2025_H3N2,plate17-GCCAGCTCGTATCCCT,112.2,interpolated,midpoint,112.2,112.2,1,0,1.794
NIID,NIID_21,A/Texas/15550/2024_H3N2,plate17-CTATATTGCCCGGAAG,75.26,interpolated,midpoint,75.26,75.26,1,0,1.634
NIID,NIID_21,A/Lisboa/216/2023_H3N2,plate17-CTTAGGTATTATATGC,132.5,interpolated,midpoint,132.5,132.5,1,0,1.376
NIID,NIID_21,A/Lisboa/216/2023_H3N2,plate17-AAAGGCGCGCCTTCAA,262.9,interpolated,midpoint,262.9,262.9,1,0,1.104
NIID,NIID_21,A/Victoria/46/2024_H3N2,plate17-AACTTCCCTGACTGCT,45.74,interpolated,midpoint,49.38,45.74,0.9032,0,2.812
NIID,NIID_21,A/Massachusetts/93/2024_H3N2,plate17-CTAGCACAGCGTAGGC,76.13,interpolated,midpoint,76.13,76.13,1,0,1.765
NIID,NIID_21,A/Massachusetts/93/2024_H3N2,plate17-TCACGACTCGACTAAC,162.5,interpolated,midpoint,237.9,162.5,0.818,0,1.187
NIID,NIID_21,A/Switzerland/860423897313/2023_H3N2,plate17-ACGTATGATTTTCGAG,81.82,interpolated,midpoint,81.82,81.82,1,0,1.776
NIID,NIID_21,A/Switzerland/860423897313/2023_H3N2,plate17-GTAAGCTTCATGGAGT,237.1,interpolated,midpoint,238,237.1,0.9977,0,1.176
NIID,NIID_21,A/Norway/12374/2023_H3N2,plate17-GTCGCATCCTGGAATG,40,upper,midpoint,40,40,0.9105,0,10
NIID,NIID_21,A/Norway/12374/2023_H3N2,plate17-GCCGCTGCGGCGTGTG,43.69,interpolated,midpoint,44.12,43.69,0.9525,0,10
NIID,NIID_21,A/Saskatchewan/RV04835/2024_H3N2,plate17-CAAATGCTGCATTAGG,97.95,interpolated,midpoint,98.29,97.95,0.997,0,1.708
NIID,NIID_21,A/Saskatchewan/RV04835/2024_H3N2,plate17-AGACCGCCAGTTTCGT,155.9,interpolated,midpoint,168.9,155.9,0.9147,0,2.324
NIID,NIID_21,A/Texas/ISC-1148/2025_H3N2,plate17-ACCGAATGAATCATCC,174.1,interpolated,midpoint,174.1,174.1,1,0,1.114
NIID,NIID_21,A/Texas/ISC-1148/2025_H3N2,plate17-TCTCAGCTCTTAGCCG,208,interpolated,midpoint,208,208,1,0,2.442
NIID,NIID_21,A/Wisconsin/NIRC-IS-1028/2024_H3N2,plate17-AACCTACGAGACGTAA,61.81,interpolated,midpoint,61.81,61.81,1,0,0.8
NIID,NIID_21,A/Wisconsin/NIRC-IS-1028/2024_H3N2,plate17-TCAATCGGGGGCTAAA,168.4,interpolated,midpoint,168.4,168.4,1,0,1.277
NIID,NIID_21,A/Punta_Arenas/83659/2024_H3N2,plate17-TTACGAATTTGATTCC,102.4,interpolated,midpoint,102.4,102.4,1,0,1.993
NIID,NIID_21,A/Punta_Arenas/83659/2024_H3N2,plate17-ACGTGTCTCCGAGCAA,188.9,interpolated,midpoint,188.9,188.9,1,0,1.172
NIID,NIID_21,A/Tasmania/788/2024_H3N2,plate17-CTATTTAACAGACGTA,86.62,interpolated,midpoint,88.34,86.62,0.9844,0,1.611
NIID,NIID_21,A/Tasmania/788/2024_H3N2,plate17-GAGAGCTGCAGAAGCG,81.98,interpolated,midpoint,81.98,81.98,1,0,2.095
NIID,NIID_21,A/Victoria/3480/2024_H3N2,plate17-AGGCCCGTAAGGACTA,40,upper,midpoint,40,40,1,0,0.8
NIID,NIID_21,A/Victoria/3480/2024_H3N2,plate17-GCATCCTCAACTCCTA,121.6,interpolated,midpoint,137.1,121.6,0.8814,0,2.256
NIID,NIID_21,A/Utah/94/2024_H3N2,plate17-CGGTCGGGACTCATCT,40,upper,midpoint,40,40,1,0,0.8
NIID,NIID_21,A/Utah/94/2024_H3N2,plate17-ATGGCCCACGGGCATA,52.54,interpolated,midpoint,54.15,52.54,0.9753,0,1.678
NIID,NIID_21,A/Darwin/6/2021_H3N2,plate17-CTATCTTAATCTACAG,40,upper,midpoint,40,40,1,0,0.8079
NIID,NIID_21,A/Darwin/6/2021_H3N2,plate17-GTTATTATGACTTCAT,88.4,interpolated,midpoint,90.51,88.4,0.9814,0,1.61
NIID,NIID_21,A/Darwin/6/2021_H3N2,plate17-CAATTCGCCGTTCCCC,107.4,interpolated,midpoint,107.4,107.4,1,0,4.772
NIID,NIID_21,A/Busan/461/2025_H3N2,plate17-CCCTGCGCGGCTCGGG,251.7,interpolated,midpoint,314.3,251.7,0.8816,0,1.217
NIID,NIID_21,A/Maldives/2186/2024_H3N2,plate17-TCTTATTAGGCGGCAT,111.3,interpolated,midpoint,111.3,111.3,1,0,2.225
NIID,NIID_21,A/Maldives/2186/2024_H3N2,plate17-CCGCATTAGCGGGAGG,107.8,interpolated,midpoint,214.9,107.8,0.6,0,2.334
NIID,NIID_21,A/Nevada/216/2024_H3N2,plate17-CTTTTCTAGTACGCTT,62.94,interpolated,midpoint,62.94,62.94,1,0,0.9419
NIID,NIID_21,A/Nevada/216/2024_H3N2,plate17-ATACACGCATGTGCCA,40,upper,midpoint,40,40,1,0,0.9176
NIID,NIID_21,A/Sydney/43/2025_H3N2,plate17-ATATAAAAAACTTAGT,155.7,interpolated,midpoint,155.7,155.7,1,0,1.047
NIID,NIID_21,A/Sydney/43/2025_H3N2,plate17-CGTTTTTGGTTCGAGG,115,interpolated,midpoint,115.7,115,0.9956,0,1.574
NIID,NIID_21,A/Michigan/120/2024_H3N2,plate17-CTGAGCTGCCAATAAG,107.1,interpolated,midpoint,107.9,107.1,0.9927,0,1.799
NIID,NIID_21,A/Michigan/120/2024_H3N2,plate17-CCAACACAAAAAATTA,101.9,interpolated,midpoint,101.9,101.9,1,0,1.195
NIID,NIID_21,A/Switzerland/47775/2024_H3N2,plate17-CAGAACCTCGTTGTCT,139.9,interpolated,midpoint,139.9,139.9,1,0,1.831
NIID,NIID_21,A/Switzerland/47775/2024_H3N2,plate17-AGGAGTATGAAGAGCG,102.1,interpolated,midpoint,102.1,102.1,1,0,1.34
NIID,NIID_21,A/Switzerland/9715293/2013_H3N2,plate17-TCGATTACTAGCCGGA,59.5,interpolated,midpoint,59.5,59.5,1,0,0.8
NIID,NIID_21,A/Switzerland/9715293/2013_H3N2,plate17-AGCTGAATTAAGTATG,111.5,interpolated,midpoint,111.5,111.5,1,0,6.683
NIID,NIID_21,A/France/BRE-IPP01880/2025_H3N2,plate17-CGCACTTTACGAGACA,58.83,interpolated,midpoint,66.54,58.83,0.9525,0,0.8112
NIID,NIID_21,A/France/BRE-IPP01880/2025_H3N2,plate17-CAAAATCTACGGCGAC,40,upper,midpoint,40,40,0.9861,0,0.8
NIID,NIID_21,A/BurkinaFaso/3131/2023_H3N2,plate17-TACTAATGCCGTTGTC,40,upper,midpoint,40,40,1,0,0.9042
NIID,NIID_21,A/BurkinaFaso/3131/2023_H3N2,plate17-AAGGGGCCTCATAATG,40,upper,midpoint,40,40,1,0,1.374
NIID,NIID_21,A/Oregon/265/2024_H3N2,plate17-CTATAAACCGTTTGTA,40,upper,midpoint,40,40,1,0,0.8
NIID,NIID_21,A/Oregon/265/2024_H3N2,plate17-AACTGCGTTCATCGAT,49.11,interpolated,midpoint,49.11,49.11,1,0,1.639
NIID,NIID_21,A/Queensland/IN000692/2024_H3N2,plate17-TCCAGCGCGGTAAGAG,241.9,interpolated,midpoint,241.9,241.9,1,0,1.131
NIID,NIID_21,A/Queensland/IN000692/2024_H3N2,plate17-ACATTTTCCAATAGGT,241.7,interpolated,midpoint,248.4,241.7,0.9688,0,2.324
NIID,NIID_21,A/Washington/15245/2025_H3N2,plate17-CCTGGGTTAAGTTGTG,71.6,interpolated,midpoint,72.2,71.6,0.9945,0,1.332
NIID,NIID_21,A/Vermont/13/2025_H3N2,plate17-CCTTGATGCATTCCCG,190.4,interpolated,midpoint,190.4,190.4,1,0,1.133
NIID,NIID_21,A/Vermont/13/2025_H3N2,plate17-AACTTCCGTCGCCTGA,130.7,interpolated,midpoint,130.7,130.7,1,0,1.793
NIID,NIID_21,A/Canberra/613/2024_H3N2,plate17-GTGAGCGAGAAAAGCA,84.04,interpolated,midpoint,84.04,84.04,1,0,1.017
NIID,NIID_21,A/Canberra/613/2024_H3N2,plate17-TAGCATTGTCGGAAAG,83.66,interpolated,midpoint,83.66,83.66,1,0,1.152
NIID,NIID_21,A/Rhode_Island/15446/2025_H3N2,plate17-AGCATCTAACAGATAG,170.1,interpolated,midpoint,187,170.1,0.9462,0,1.2
NIID,NIID_21,A/Rhode_Island/15446/2025_H3N2,plate17-CGGCCAGGGAATCAAA,201.9,interpolated,midpoint,201.9,201.9,1,0,1.5
NIID,NIID_21,A/France/ARA-RELAB-HCL025017178801/2025_H3N2,plate17-CTCAATGTCGTAGGAT,40,upper,midpoint,40,40,0.9445,0,0.8
NIID,NIID_21,A/France/ARA-RELAB-HCL025017178801/2025_H3N2,plate17-GCAAACAGTGTAGTTG,250.4,interpolated,midpoint,250.4,250.4,1,0,1.421
NIID,NIID_21,A/Tasmania/836/2024_H3N2,plate17-TTTCAGCGTTGTTTTG,138.6,interpolated,midpoint,150.9,138.6,0.9443,0,1.383
NIID,NIID_21,A/Tasmania/836/2024_H3N2,plate17-AAGATTGATTGAAGTT,167.7,interpolated,midpoint,167.7,167.7,1,0,1.019
NIID,NIID_21,A/Pennsylvania/288/2024_H3N2,plate17-ACTACGAGGCTACGTA,54.38,interpolated,midpoint,54.38,54.38,1,0,1.481
NIID,NIID_21,A/Pennsylvania/288/2024_H3N2,plate17-AGTGTTGGCTTGGTTA,60.36,interpolated,midpoint,60.36,60.36,1,0,1.577
NIID,NIID_21,A/Colorado/ISC-1416/2024_H3N2,plate17-CTGTACCTGCAGTTGA,85.85,interpolated,midpoint,85.85,85.85,1,0,1.864
NIID,NIID_21,A/Colorado/ISC-1416/2024_H3N2,plate17-ACTCTGGCTCGCTAAT,194.5,interpolated,midpoint,194.5,194.5,1,0,1.08
NIID,NIID_21,A/Wisconsin/172/2024_H3N2,plate17-GAAGTGCGTATTGAGT,127.3,interpolated,midpoint,127.3,127.3,1,0,1.056
NIID,NIID_21,A/Wisconsin/172/2024_H3N2,plate17-CTAATTTAAGTATCAA,101,interpolated,midpoint,101,101,1,0,1.814
NIID,NIID_21,A/CoteD'Ivoire/4448/2024_H3N2,plate17-CCCTTTACGGATCTCT,40,upper,midpoint,40,40,1,0,0.8
NIID,NIID_21,A/Minnesota/133/2024_H3N2,plate17-GTAAGCAAAGTTGACC,117.8,interpolated,midpoint,117.8,117.8,1,0,1.615
NIID,NIID_21,A/Minnesota/133/2024_H3N2,plate17-CTGAGGGATTCAACTC,101.7,interpolated,midpoint,105.6,101.7,0.9603,0,2.208
NIID,NIID_21,A/DistrictOfColumbia/27/2023_H3N2,plate17-AAGAAGCTATAGAAGT,59.27,interpolated,midpoint,59.38,59.27,0.9986,0,1.469
NIID,NIID_21,A/DistrictOfColumbia/27/2023_H3N2,plate17-GAATAATAGAACAGAG,109.1,interpolated,midpoint,111.1,109.1,0.9874,0,1.39
NIID,NIID_21,A/Massachusetts/18/2022_H3N2,plate17-CATTTCTGATGAATTG,57.79,interpolated,midpoint,58.55,57.79,0.9939,0,0.9416
NIID,NIID_21,A/Massachusetts/18/2022_H3N2,plate17-TCCACACCCCTAGCTA,72.79,interpolated,midpoint,72.79,72.79,1,0,1.14
NIID,NIID_21,A/Massachusetts/18/2022_H3N2,plate17-CGATCTTTACGAAAAA,85.85,interpolated,midpoint,85.85,85.85,1,0,1.165
NIID,NIID_21,A/Santa_Catarina/333/2025_H3N2,plate17-TACTGATAACCCTGCG,149.9,interpolated,midpoint,149.9,149.9,1,0,1.596
NIID,NIID_21,A/Santa_Catarina/333/2025_H3N2,plate17-TCGTCGCACTACTGCT,95.55,interpolated,midpoint,95.78,95.55,0.9971,0,2.452
NIID,NIID_21,A/Minnesota/126/2024_H3N2,plate17-AAACCCATAAGACCCC,173.6,interpolated,midpoint,173.6,173.6,1,0,1.24
NIID,NIID_21,A/Minnesota/126/2024_H3N2,plate17-TACATACCGACGCAGT,112.5,interpolated,midpoint,120.6,112.5,0.9611,0,1.162
NIID,NIID_21,A/Victoria/96/2025_H3N2,plate17-GCAGCGTGCCGGTCAT,40,upper,midpoint,54.93,40,0.694,0,0.8
NIID,NIID_21,A/Victoria/96/2025_H3N2,plate17-ACAAGATTCGGGGGAC,254.5,interpolated,midpoint,254.5,254.5,1,0,4.558
NIID,NIID_21,A/Tennessee/99/2024_H3N2,plate17-CAGGCTCTAGAGCTCT,53.85,interpolated,midpoint,57.14,53.85,0.9158,0,3.114
NIID,NIID_21,A/Tennessee/99/2024_H3N2,plate17-TGTGGAGCGCCCTTAC,110.8,interpolated,midpoint,110.8,110.8,1,0,3.956
NIID,NIID_21,A/Massachusetts/ISC-1684/2025_H3N2,plate17-GACGGGATGGGCACGT,260.5,interpolated,midpoint,260.5,260.5,1,0,1.061
NIID,NIID_21,A/Massachusetts/ISC-1684/2025_H3N2,plate17-TGATCTGTGACATTGC,187.8,interpolated,midpoint,187.8,187.8,1,0,3.125
NIID,NIID_21,A/Rhode_Island/66/2024_H3N2,plate17-CATGTGGAGCCCAACA,138.7,interpolated,midpoint,144,138.7,0.9594,0,2.278
NIID,NIID_21,A/Rhode_Island/66/2024_H3N2,plate17-AGTATTTGCGCTTCAA,145.4,interpolated,midpoint,145.4,145.4,1,0,1.395
NIID,NIID_21,A/Tasmania/790/2024_H3N2,plate17-CGTGTACCCTTCAGCA,235.4,interpolated,midpoint,235.4,235.4,1,0,1.26
NIID,NIID_21,A/Tasmania/790/2024_H3N2,plate17-CTTCGGCTCTTGATTA,278.9,interpolated,midpoint,278.9,278.9,1,0,1.158
NIID,NIID_21,A/Texas/ISC-1274/2025_H3N2,plate17-AAGTTAGTAGACCCAC,52.86,interpolated,midpoint,52.86,52.86,1,0,1.059
NIID,NIID_21,A/Texas/ISC-1274/2025_H3N2,plate17-CATGGGAATTGCCACT,130.7,interpolated,midpoint,131.4,130.7,0.9949,0,1.907
NIID,NIID_21,A/Texas/ISC-1322/2025_H3N2,plate17-GTCAAGTTACGGATGG,142.5,interpolated,midpoint,142.5,142.5,1,0,1.279
NIID,NIID_21,A/Texas/ISC-1322/2025_H3N2,plate17-CGTTCAGCGATAACGG,134.1,interpolated,midpoint,135.7,134.1,0.9914,0,1.44
NIID,NIID_21,A/Washington/UW-25728/2024_H3N2,plate17-TGTAATAGGCGTCACA,85.64,interpolated,midpoint,86,85.64,0.9978,0,1.032
NIID,NIID_21,A/Washington/UW-25728/2024_H3N2,plate17-CCCCTCCTCTAAAGTT,59.04,interpolated,midpoint,59.04,59.04,1,0,0.8834
NIID,NIID_21,A/Cambodia/e0826360/2020_H3N2,plate17-ATTAGATTATAACGTA,226.8,interpolated,midpoint,226.8,226.8,1,0,1.24
NIID,NIID_21,A/Cambodia/e0826360/2020_H3N2,plate17-TTGCAATTGAAACATA,58.56,interpolated,midpoint,64.46,58.56,0.8613,0,3.38
NIID,NIID_21,A/Massachusetts/BI_MGH-23147/2025_H3N2,plate17-ACAATCTGAACCATAC,118.6,interpolated,midpoint,125.2,118.6,0.9731,0,1.013
NIID,NIID_21,A/Massachusetts/BI_MGH-23147/2025_H3N2,plate17-CGGGAACATACATAAC,98.48,interpolated,midpoint,98.48,98.48,1,0,1.645
NIID,NIID_21,A/Texas/ISC-1342/2025_H3N2,plate17-AGAAAATCTCAGATAC,170.9,interpolated,midpoint,173.6,170.9,0.9872,0,1.658
NIID,NIID_21,A/Texas/ISC-1342/2025_H3N2,plate17-TCTGGAAACGATCCCC,120.3,interpolated,midpoint,129.6,120.3,0.9443,0,1.57
NIID,NIID_21,A/Netherlands/10563/2023_H3N2,plate17-TGATCTTTTACATTTA,117.7,interpolated,midpoint,133,117.7,0.918,0,1.462
NIID,NIID_21,A/Netherlands/10563/2023_H3N2,plate17-TACCTGCTGCGGAACG,100.6,interpolated,midpoint,102.5,100.6,0.9848,0,1.699
NIID,NIID_21,A/New_York/191/2024_H3N2,plate17-GATCTTGGGGAGAGTC,101.1,interpolated,midpoint,101.2,101.1,0.9992,0,1.87
NIID,NIID_21,A/Ghana/FS-25-0256/2025_H3N2,plate17-AGTCGTTTAGATAGTT,156.8,interpolated,midpoint,179.6,156.8,0.9101,0,1.461
NIID,NIID_21,A/Queensland/IN000803/2024_H3N2,plate17-TATGTCGTATCCACAG,169.1,interpolated,midpoint,169.1,169.1,1,0,2.249
NIID,NIID_21,A/Queensland/IN000803/2024_H3N2,plate17-CGCAGCATTGGTCGCC,161.9,interpolated,midpoint,164.2,161.9,0.9845,0,2.182
NIID,NIID_21,A/New_York/39/2025_H3N2,plate17-GATCGCCATCGACTTC,337,interpolated,midpoint,337,337,1,0,1.205
NIID,NIID_21,A/New_York/39/2025_H3N2,plate17-CGAACCGCAGACACGT,184.9,interpolated,midpoint,205.5,184.9,0.8983,0,2.152
NIID,NIID_21,A/Minnesota/97/2024_H3N2,plate17-CACCATCAGCACCTAG,134.8,interpolated,midpoint,142.6,134.8,0.9392,0,2.31
NIID,NIID_21,A/Minnesota/97/2024_H3N2,plate17-AGCGACATCGCCCTTT,230.4,interpolated,midpoint,285.3,230.4,0.8695,0,1.412
NIID,NIID_21,A/HongKong/45/2019_H3N2,plate17-TATCCAAGGGACGGAC,40,upper,midpoint,40,40,0.9079,0,10
NIID,NIID_21,A/France/IDF-IPP29542/2023-egg_H3N2,plate17-ACGGGGATTGGCTGTT,132.9,interpolated,midpoint,132.9,132.9,1,0,0.8742
NIID,NIID_21,A/France/IDF-IPP29542/2023-egg_H3N2,plate17-GAAAGCCCCGTGCAAT,148.2,interpolated,midpoint,148.2,148.2,1,0,1.627
NIID,NIID_21,A/Thailand/8/2022_H3N2,plate17-CATAAAAGACTGTATA,77.93,interpolated,midpoint,77.93,77.93,1,0,0.8
NIID,NIID_21,A/Thailand/8/2022_H3N2,plate17-CGTACGTATGTCCCAG,40,upper,midpoint,40,40,1,0,0.9032
NIID,NIID_21,A/Thailand/8/2022_H3N2,plate17-AGACCATCGCACCCAA,90.84,interpolated,midpoint,90.84,90.84,1,0,3.283
NIID,NIID_21,A/Badajoz/18680568/2025_H3N2,plate17-GCCTTTGCGCGCAGTC,308.9,interpolated,midpoint,314.4,308.9,0.9927,0,0.8423
NIID,NIID_21,A/Badajoz/18680568/2025_H3N2,plate17-TTTCACAGAACCTATC,179.5,interpolated,midpoint,189.9,179.5,0.9517,0,1.796
NIID,NIID_21,A/Michigan/UM-10062069629/2025_H3N2,plate17-CTGAACTTATCTGTGG,159.9,interpolated,midpoint,164.5,159.9,0.9564,0,3.191
NIID,NIID_21,A/Michigan/UM-10062069629/2025_H3N2,plate17-TCATGGGTGTACGAGA,220.5,interpolated,midpoint,231.2,220.5,0.9466,0,2.366
NIID,NIID_21,A/Manitoba/RV04865/2024_H3N2,plate17-ATTAGGGCTACGTGAG,229.5,interpolated,midpoint,232.3,229.5,0.9807,0,3.206
NIID,NIID_21,A/Manitoba/RV04865/2024_H3N2,plate17-TGACAACAATACAAAT,293.4,interpolated,midpoint,323.9,293.4,0.942,0,1.244
NIID,NIID_21,A/DE/DE-DHSS-901/2025_(H3N2)_H3N2,plate17-TTTCGTGATACTCACA,246,interpolated,midpoint,246,246,1,0,2.026
NIID,NIID_21,A/DE/DE-DHSS-901/2025_(H3N2)_H3N2,plate17-TGGTCCGCTTCATGCT,382.5,interpolated,midpoint,438,382.5,0.8917,0,1.8
NIID,NIID_21,A/Singapore/INFIMH-16-0019/2016_H3N2,plate17-TACCAATGTCATTTGA,130.6,interpolated,midpoint,130.6,130.6,1,0,0.9633
NIID,NIID_21,A/Singapore/INFIMH-16-0019/2016_H3N2,plate17-CGTACAGTGTAATCGA,185.4,interpolated,midpoint,193.7,185.4,0.9276,0,3.572
NIID,NIID_21,A/Singapore/INFIMH-16-0019/2016_H3N2,plate17-TACTAGCAATAAAATC,238.2,interpolated,midpoint,238.2,238.2,1,0,4.815
NIID,NIID_21,A/Kansas/14/2017_H3N2,plate17-GCAACGAGGTGTAACC,103,interpolated,midpoint,104.3,103,0.9432,0,10
NIID,NIID_21,A/Kansas/14/2017_H3N2,plate17-AACCACCCCAGAGATG,51.14,interpolated,midpoint,51.6,51.14,0.9579,0,10
NIID,NIID_21,A/HongKong/4801/2014_H3N2,plate17-ATTTTTCTATGGCTAC,461.9,interpolated,midpoint,477.9,461.9,0.9793,0,1.242
NIID,NIID_21,A/HongKong/4801/2014_H3N2,plate17-AAGTATTGCTACACAT,321.9,interpolated,midpoint,327.9,321.9,0.9716,0,3.177
NIID,NIID_21,A/HongKong/4801/2014_H3N2,plate17-TCTTAGAGTGAACGAT,238.1,interpolated,midpoint,245.4,238.1,0.9814,0,1.247
NIID,NIID_21,A/Bangkok/P176/2025_H1N1,plate17-AGATCCACCCTATAGT,112.2,interpolated,midpoint,114.3,112.2,0.989,0,1.205
NIID,NIID_21,A/Bangkok/P176/2025_H1N1,plate17-ATAACTGAGGGCATTG,101.3,interpolated,midpoint,101.3,101.3,1,0,4.585
NIID,NIID_21,A/KANAGAWA/AC2408/2025_H1N1,plate17-TCTAACTCTCGCGGCA,119.3,interpolated,midpoint,120.3,119.3,0.9925,0,1.936
NIID,NIID_21,A/KANAGAWA/AC2408/2025_H1N1,plate17-CCGGATAAATCAGAAC,194.6,interpolated,midpoint,194.6,194.6,1,0,2.509
NIID,NIID_21,A/Slovenia/49/2024_H3N2,plate17-AATGAAACAATCGAAC,269.3,interpolated,midpoint,269.3,269.3,1,0,1.677
NIID,NIID_21,A/Slovenia/49/2024_H3N2,plate17-AATCGCTGGCACCCGT,294,interpolated,midpoint,297.5,294,0.988,0,2.031
NIID,NIID_21,A/Darwin/9/2021_H3N2,plate17-CGTTAACGGCCTATCC,125.8,interpolated,midpoint,128.1,125.8,0.9635,0,4.173
NIID,NIID_21,A/Darwin/9/2021_H3N2,plate17-CAAAAGCAGCACGATA,88.88,interpolated,midpoint,88.92,88.88,0.999,0,3.667
NIID,NIID_21,A/Darwin/9/2021_H3N2,plate17-AAAGTAGCAGAGGATT,193.9,interpolated,midpoint,193.9,193.9,1,0,1.494
NIID,NIID_21,A/Croatia/10136RV/2023-egg_H3N2,plate17-GAAGTGCTGCTGAAGT,530.2,interpolated,midpoint,530.2,530.2,1,0,3.411
NIID,NIID_21,A/Croatia/10136RV/2023-egg_H3N2,plate17-GTCGCCGCTAATCCGA,384.3,interpolated,midpoint,405.8,384.3,0.9521,0,1.849
NIID,NIID_21,A/Kentucky/57/2024_H3N2,plate17-GTTGCTCCGACACGCC,320,interpolated,midpoint,320,320,1,0,1.968
NIID,NIID_21,A/Kentucky/57/2024_H3N2,plate17-TCGTCCGTTGGGAACT,227.7,interpolated,midpoint,234.3,227.7,0.8761,0,10
NIID,NIID_21,A/Ulsan/492/2025_H1N1,plate17-TCGAGTTAATATGCGC,110.7,interpolated,midpoint,110.7,110.7,1,0,9.514
NIID,NIID_21,A/Ulsan/492/2025_H1N1,plate17-TAACGTGATTTCTCGA,115.4,interpolated,midpoint,115.4,115.4,1,0,10
NIID,NIID_21,A/Utah/39/2025_H1N1,plate17-GTGGTATCAAGCCGGG,655.4,interpolated,midpoint,655.4,655.4,1,0,3.331
NIID,NIID_21,A/Utah/39/2025_H1N1,plate17-AAGGTCCCTATGTAAT,478.9,interpolated,midpoint,478.9,478.9,1,0,10
NIID,NIID_21,A/Busan/277/2025_H1N1,plate17-ATGGTTTTACGTCCAT,203.7,interpolated,midpoint,220.9,203.7,0.9178,0,2.21
NIID,NIID_21,A/Busan/277/2025_H1N1,plate17-AACACGTAGAACCGCC,156.1,interpolated,midpoint,156.1,156.1,1,0,3.737
NIID,NIID_21,A/Santiago/101713/2024_H1N1,plate17-CACTAGATGTACAGTC,694.5,interpolated,midpoint,694.5,694.5,1,0,1.891
NIID,NIID_21,A/Santiago/101713/2024_H1N1,plate17-CACCAATCTTCGAACT,702.9,interpolated,midpoint,720.7,702.9,0.9598,0,3.363
NIID,NIID_21,A/Vermont/10/2025_H1N1,plate17-TCTTAGTCCTCGTATG,421.3,interpolated,midpoint,439.1,421.3,0.9344,0,3.386
NIID,NIID_21,A/Hawaii/ISC-1140/2025_H1N1,plate17-GCGAAGTTTCATAGCG,557.8,interpolated,midpoint,570.1,557.8,0.9021,0,10
NIID,NIID_21,A/Hawaii/ISC-1140/2025_H1N1,plate17-CACGGGCTAATGTCTC,820.1,interpolated,midpoint,820.1,820.1,1,0,1.74
NIID,NIID_21,A/Tennessee/04/2025_H1N1,plate17-ACAGTCCACCATTGAG,580.9,interpolated,midpoint,580.9,580.9,1,0,5.137
NIID,NIID_21,A/Tennessee/04/2025_H1N1,plate17-GACAAAAGGGACATAT,760,interpolated,midpoint,760,760,1,0,1.965
NIID,NIID_21,A/Wisconsin/588/2019_H1N1,plate17-GAAGAAACTATAACCA,1110,interpolated,midpoint,1110,1110,1,0,2.088
NIID,NIID_21,A/Wisconsin/588/2019_H1N1,plate17-TATATTAGTAACATAA,635.6,interpolated,midpoint,651.9,635.6,0.8881,0,10
NIID,NIID_21,A/Colorado/218/2024_H1N1,plate17-CGCGACACCCTTCCGG,458.3,interpolated,midpoint,465.3,458.3,0.9683,0,4.334
NIID,NIID_21,A/Singapore/MOH0547/2024_H1N1,plate17-CTTACAGAATACTAGA,532.4,interpolated,midpoint,532.4,532.4,1,0,7.705
NIID,NIID_21,A/Singapore/MOH0547/2024_H1N1,plate17-GCCGGCGTTAGTGTCA,552.5,interpolated,midpoint,552.5,552.5,0.9999,0,6.791
NIID,NIID_21,A/Vermont/05/2025_H1N1,plate17-CGAAACACGTCCCAGT,416,interpolated,midpoint,426.1,416,0.9484,0,4.546
NIID,NIID_21,A/Vermont/05/2025_H1N1,plate17-GTGCATCCTAGTGACG,604.5,interpolated,midpoint,604.5,604.5,1,0,1.501
NIID,NIID_21,A/Uganda/UVRI_KIS6850_2024_H1N1,plate17-AATTCGTGAGTACTAG,728.2,interpolated,midpoint,728.2,728.2,1,0,1.679
NIID,NIID_21,A/Uganda/UVRI_KIS6850_2024_H1N1,plate17-AGGTTCAGACTCTTGC,778.9,interpolated,midpoint,894.8,778.9,0.7912,0,3.898
NIID,NIID_21,A/Zacapa/FLU-012/2025_H1N1,plate17-GTAGAACTGCGGCCCC,767.4,interpolated,midpoint,767.4,767.4,1,0,2.135
NIID,NIID_21,A/Zacapa/FLU-012/2025_H1N1,plate17-AGTTTTTATAACTTGC,553.9,interpolated,midpoint,556.3,553.9,0.9794,0,10
NIID,NIID_21,A/Ohio/259/2024_H1N1,plate17-ACGTCCATTAAGATCA,498.2,interpolated,midpoint,498.2,498.2,1,0,6.307
NIID,NIID_21,A/Ohio/259/2024_H1N1,plate17-CACGGCCGGCGAACTC,579.4,interpolated,midpoint,613.2,579.4,0.9409,0,2.216
NIID,NIID_21,A/Illinois/65/2024_H1N1,plate17-TCGCTTCAACTAAAAA,586.1,interpolated,midpoint,593.2,586.1,0.9436,0,10
NIID,NIID_21,A/Illinois/65/2024_H1N1,plate17-TATTAAGAGAAGTGCG,908,interpolated,midpoint,908,908,1,0,3.685
NIID,NIID_21,A/Maryland/64/2024_H1N1,plate17-CTGGAGGCCTGGCCCC,553.6,interpolated,midpoint,553.6,553.6,1,0,10
NIID,NIID_21,A/NovaScotia/ET1801CP00018S/2025_H1N1,plate17-TGCAGTGGTATACATA,511.7,interpolated,midpoint,511.7,511.7,1,0,5.032
NIID,NIID_21,A/NovaScotia/ET1801CP00018S/2025_H1N1,plate17-CTTACTGCGCGAGAGT,604.7,interpolated,midpoint,604.7,604.7,1,0,10
NIID,NIID_21,A/Michigan/45/2015_H1N1,plate17-TTGAAAAAATCATAAA,8220,interpolated,midpoint,8220,8220,1,0,1.892
NIID,NIID_21,A/Michigan/45/2015_H1N1,plate17-CACCTAGGATCGCACT,2486,interpolated,midpoint,2779,2486,0.6639,0,10
NIID,NIID_21,A/Michigan/45/2015_H1N1,plate17-ACAAAGTCTCGAGAAG,2106,interpolated,midpoint,2611,2106,0.6939,0,4.41
NIID,NIID_21,A/Massachusetts/ISC-1679/2025_H1N1,plate17-ATGGGATTGGAGAAAC,405.8,interpolated,midpoint,411.3,405.8,0.9709,0,4.457
NIID,NIID_21,A/Massachusetts/ISC-1679/2025_H1N1,plate17-ACCGATTCACGAATAA,502.8,interpolated,midpoint,507.3,502.8,0.9878,0,2.761
NIID,NIID_21,A/Qatar/83328/2024_H1N1,plate17-CATTGAGACGCGCAAG,511.6,interpolated,midpoint,512.1,511.6,0.997,0,6.575
NIID,NIID_21,A/Qatar/83328/2024_H1N1,plate17-TGCTATTCCGGCGCGG,561.1,interpolated,midpoint,561.1,561.1,1,0,5.393
NIID,NIID_21,A/Singapore/INFIMH-16-0019/2016X-307A_H3N2,plate17-CAGATAGTGATGAACA,2603,interpolated,midpoint,2603,2603,1,0,2.599
NIID,NIID_21,A/Singapore/INFIMH-16-0019/2016X-307A_H3N2,plate17-GTAATTCGCATGCGGA,1228,interpolated,midpoint,1228,1228,1,0,10
NIID,NIID_21,A/Singapore/INFIMH-16-0019/2016X-307A_H3N2,plate17-AAAGACCTTTAACTCT,1629,interpolated,midpoint,1650,1629,0.9705,0,4.787
NIID,NIID_21,A/TOKYO/EIS11-277/2024_H1N1,plate17-TGCGGTGGTCGATCCG,798.3,interpolated,midpoint,799,798.3,0.9994,0,1.479
NIID,NIID_21,A/TOKYO/EIS11-277/2024_H1N1,plate17-TGTCCGGATAAAGTAG,1179,interpolated,midpoint,1224,1179,0.8433,0,10
NIID,NIID_21,A/Vladimir/RII-MH223382S/2024_H1N1,plate17-TTTATATCGAGATTCA,782.3,interpolated,midpoint,782.3,782.3,1,0,2.46
NIID,NIID_21,A/Colombia/1851/2024_H3N2,plate17-AAGCCCAGCGGGTGAT,318.6,interpolated,midpoint,318.6,318.6,1,0,2.272
NIID,NIID_21,A/Colombia/1851/2024_H3N2,plate17-GTAGATACTAGGACCA,206.6,interpolated,midpoint,208.6,206.6,0.9796,0,4.383
NIID,NIID_21,A/Hawaii/70/2019_H1N1,plate17-ATAGAATCGCAAATTA,1272,interpolated,midpoint,1312,1272,0.8664,0,10
NIID,NIID_21,A/Hawaii/70/2019_H1N1,plate17-AGTAAACATGCATTGG,1305,interpolated,midpoint,1318,1305,0.9517,0,10
NIID,NIID_21,A/Hawaii/70/2019_H1N1,plate17-TGGAATCGTCACCGAT,688.4,interpolated,midpoint,688.4,688.4,1,0,1.93
NIID,NIID_21,A/Oregon/11/2025_H1N1,plate17-CGTGACCCCCTCCAAC,845.6,interpolated,midpoint,855.1,845.6,0.9851,0,2.689
NIID,NIID_21,A/Oregon/11/2025_H1N1,plate17-GACCCCTTGTAAGATG,830.8,interpolated,midpoint,830.8,830.8,1,0,2.372
NIID,NIID_21,A/Shanghai-Huangpu/SWL12109/2024_H1N1,plate17-ATACACGAGGTTGTGA,426.9,interpolated,midpoint,433.5,426.9,0.9792,0,2.745
NIID,NIID_21,A/Shanghai-Huangpu/SWL12109/2024_H1N1,plate17-GATCACGCAGAAAAAG,920.8,interpolated,midpoint,920.8,920.8,1,0,2.085
NIID,NIID_21,A/Madagascar/00003/2025_H1N1,plate17-GAGCTTGCTATGGATC,505.9,interpolated,midpoint,519.4,505.9,0.9761,0,1.864
NIID,NIID_21,A/Madagascar/00003/2025_H1N1,plate17-TAGCTGATAGTAACTC,680.3,interpolated,midpoint,680.3,680.3,1,0,3.125
NIID,NIID_21,A/Brisbane/02/2018_H1N1,plate17-TAATAAGCCAGCAAGA,2311,interpolated,midpoint,2323,2311,0.9917,0,3.248
NIID,NIID_21,A/Brisbane/02/2018_H1N1,plate17-ATCCGATTTAAAGGCA,1946,interpolated,midpoint,2059,1946,0.8825,0,4.749
NIID,NIID_21,A/Brisbane/02/2018_H1N1,plate17-TTGGGCACTAAATTAA,2591,interpolated,midpoint,2704,2591,0.8268,0,10
NIID,NIID_21,A/Texas/50/2012X-223A_H3N2,plate17-ACGCAAATAGACCGAA,2862,interpolated,midpoint,2862,2862,1,0,10
NIID,NIID_21,A/Texas/50/2012X-223A_H3N2,plate17-TCCCCGTGGTTTGACA,2723,interpolated,midpoint,2940,2723,0.7317,0,10
NIID,NIID_21,A/Texas/50/2012X-223A_H3N2,plate17-ATAGAAAATTATCCGC,2950,interpolated,midpoint,2950,2950,1,0,10
NIID,NIID_21,A/Tambov/160-1V/2024_H1N1,plate17-GAGGGGATACGTCACC,530,interpolated,midpoint,530,530,1,0,9.389
NIID,NIID_21,A/Tambov/160-1V/2024_H1N1,plate17-TCTTTACCACTGCATC,461.7,interpolated,midpoint,461.7,461.7,1,0,8.66
NIID,NIID_21,A/Minnesota/131/2024_H1N1,plate17-CCAAGCTTGGCGCATC,317.4,interpolated,midpoint,317.4,317.4,1,0,10
NIID,NIID_21,A/Minnesota/131/2024_H1N1,plate17-TACAAGAGAGGGGTCC,663.5,interpolated,midpoint,663.5,663.5,1,0,2.247
NIID,NIID_21,A/Switzerland/9715293/2013NIB-88_H3N2,plate17-CGGGAAATGTAAATGA,130,interpolated,midpoint,130.7,130,0.9759,0,10
NIID,NIID_21,A/Switzerland/9715293/2013NIB-88_H3N2,plate17-ATAGGATATATGGCTG,215.1,interpolated,midpoint,216.4,215.1,0.9725,0,10
NIID,NIID_21,A/Ufa/CRIE/47/2024_H1N1,plate17-GAAAGTCCCTATGATG,751,interpolated,midpoint,751,751,1,0,2.945
NIID,NIID_21,A/Ufa/CRIE/47/2024_H1N1,plate17-CGACTCCACGGACGCC,626.3,interpolated,midpoint,626.3,626.3,1,0,1.715
NIID,NIID_21,A/Victoria/3599/2024_H1N1,plate17-ACAGTACGATCTACGC,786.2,interpolated,midpoint,786.2,786.2,1,0,1.789
NIID,NIID_21,A/Victoria/3599/2024_H1N1,plate17-GTGCGATTGTCCGGAA,562.7,interpolated,midpoint,569.1,562.7,0.947,0,10
NIID,NIID_21,A/Victoria/4897/2022_IVR-238_H1N1,plate17-AAGTTAAGAGAAAGTT,2025,interpolated,midpoint,2052,2025,0.9729,0,4.264
NIID,NIID_21,A/Victoria/4897/2022_IVR-238_H1N1,plate17-AGAGCTAAAAAGAGGA,1302,interpolated,midpoint,1339,1302,0.876,0,10
NIID,NIID_21,A/Iowa/123/2024_H1N1,plate17-AATGCGAGCATGTCAA,470.6,interpolated,midpoint,470.6,470.6,1,0,10
NIID,NIID_21,A/Iowa/123/2024_H1N1,plate17-ACACGGGTTGGCTGTA,693.7,interpolated,midpoint,693.7,693.7,1,0,3.024
NIID,NIID_21,A/Lisboa/188/2023_H1N1,plate17-AGCTCCTGGGGTATCA,669,interpolated,midpoint,669,669,1,0,1.587
NIID,NIID_21,A/Lisboa/188/2023_H1N1,plate17-ACCCCCGGAGCTTGGC,420.7,interpolated,midpoint,420.7,420.7,1,0,4.837
NIID,NIID_21,A/Wisconsin/67/2022_H1N1,plate17-AGGAAAGAAACTGGAG,635.9,interpolated,midpoint,765.5,635.9,0.7646,0,3.43
NIID,NIID_21,A/Wisconsin/67/2022_H1N1,plate17-AAAGCTCTTTTCGTTC,764.9,interpolated,midpoint,764.9,764.9,1,0,2.248
NIID,NIID_21,A/Wisconsin/67/2022_H1N1,plate17-CTGAACTTGTCGATAT,963.3,interpolated,midpoint,986.9,963.3,0.9827,0,1.452
NIID,NIID_21,A/Wisconsin/NIRC-IS-1111/2025_H1N1,plate17-AGATCCCAGGTCCTTT,581.7,interpolated,midpoint,581.8,581.7,0.9997,0,4.153
NIID,NIID_21,A/Wisconsin/NIRC-IS-1111/2025_H1N1,plate17-TTAATGTAGCCGCTCC,553.7,interpolated,midpoint,553.7,553.7,1,0,10
NIID,NIID_21,A/Wisconsin/30/2025_H1N1,plate17-ATTTAAATTCGAGGAC,792.1,interpolated,midpoint,792.1,792.1,1,0,2.25
NIID,NIID_21,A/Oregon/261/2024_H1N1,plate17-TCGAACGAAGTAGGAG,400.6,interpolated,midpoint,400.6,400.6,1,0,3.943
NIID,NIID_21,A/Oregon/261/2024_H1N1,plate17-CTCAAATAATTGGCGC,390.4,interpolated,midpoint,390.4,390.4,1,0,8.07
NIID,NIID_21,A/Qinghai-Chengzhong/SWL1410/2024_H1N1,plate17-GCATGGAACTAACTCC,508.6,interpolated,midpoint,508.6,508.6,1,0,7.043
NIID,NIID_21,A/Cambodia/e0826360/2020egg_H3N2,plate17-AAATTCACAATATCCA,1018,interpolated,midpoint,1018,1018,1,0,1.875
NIID,NIID_21,A/Cambodia/e0826360/2020egg_H3N2,plate17-ATAACGTTTGTGCAAA,968.7,interpolated,midpoint,968.7,968.7,1,0,3.037
NIID,NIID_21,A/Cambodia/e0826360/2020egg_H3N2,plate17-TGTTGTAATCTGAATA,917.2,interpolated,midpoint,1063,917.2,0.877,0,1.912
NIID,NIID_21,A/Texas/50/2012_H3N2,plate17-AACCGTACCGCGTTTA,2766,interpolated,midpoint,2766,2766,1,0,6.526
NIID,NIID_21,A/Texas/50/2012_H3N2,plate17-AGTTCCATAGGCATGG,1342,interpolated,midpoint,1342,1342,1,0,7.437
NIID,NIID_21,A/Texas/50/2012_H3N2,plate17-TGAGTTCATAGCTCCA,1258,interpolated,midpoint,1274,1258,0.9417,0,10
NIID,NIID_21,A/Saint-Petersburg/RII-04/2025_H1N1,plate17-AGGACTATAGTTGGCA,853.5,interpolated,midpoint,853.5,853.5,1,0,2.745
NIID,NIID_21,A/Saint-Petersburg/RII-04/2025_H1N1,plate17-TCTTGACATAGCGATG,803.9,interpolated,midpoint,803.9,803.9,1,0,2.467
NIID,NIID_21,A/Pakistan/306/2024_H1N1,plate17-ATCAGGATAATCGCGC,298.1,interpolated,midpoint,298.3,298.1,0.9965,0,10
NIID,NIID_21,A/Pakistan/306/2024_H1N1,plate17-TGTTGAGCCAGTCTGA,606.7,interpolated,midpoint,606.7,606.7,1,0,3.777
NIID,NIID_21,A/HongKong/4801/2014egg_H3N2,plate17-ATTTACTCATTATACG,2727,interpolated,midpoint,2727,2727,1,0,3.914
NIID,NIID_21,A/HongKong/4801/2014egg_H3N2,plate17-CACAGACAATAAAAAA,1383,interpolated,midpoint,1529,1383,0.6836,0,10
NIID,NIID_21,A/HongKong/4801/2014egg_H3N2,plate17-GGTTAACTTTGGAAGC,1400,interpolated,midpoint,1465,1400,0.8186,0,10
NIID,NIID_21,A/California/07/2009_H1N1,plate17-CCTTTCTCAAAACATA,5911,interpolated,midpoint,5911,5911,1,0,2.862
NIID,NIID_21,A/HongKong/2671/2019_H3N2,plate17-CGAAAACATTACAAAT,808.9,interpolated,midpoint,862.4,808.9,0.8923,0,3.789
NIID,NIID_21,A/HongKong/2671/2019_H3N2,plate17-CGGGAATCTCCCATAC,554.8,interpolated,midpoint,554.8,554.8,1,0,9.706
NIID,NIID_21,A/HongKong/2671/2019_H3N2,plate17-TTCATCAAGTTGGTGC,554.5,interpolated,midpoint,554.5,554.5,1,0,5.719
NIID,NIID_21,A/Maldives/2132/2024_H1N1,plate17-GAAATCCCCAAATAAC,817.7,interpolated,midpoint,884.2,817.7,0.8968,0,2.958
NIID,NIID_21,A/Maldives/2132/2024_H1N1,plate17-GTACCCAGTTCCTGCG,943.7,interpolated,midpoint,950.2,943.7,0.9935,0,1.909
